,2026-03-31,2025-03-31,2024-03-31,2023-03-31,2022-03-31
Ordinary Shares Number,363602237.0,363602237.0,363602237.0,363602237.0,
Share Issued,363602237.0,363602237.0,363602237.0,363602237.0,
Net Debt,26405468000.0,30327177000.0,21982613000.0,37559393000.0,
Total Debt,28253942000.0,33003879000.0,24952193000.0,39440859000.0,
Tangible Book Value,179016831000.0,157037973000.0,138428210000.0,122080084000.0,
Invested Capital,207378481000.0,190052541000.0,163396313000.0,161542057000.0,
Working Capital,129270805000.0,117095652000.0,94726153000.0,91685338000.0,
Net Tangible Assets,179016831000.0,157037973000.0,138428210000.0,122080084000.0,
Capital Lease Obligations,91692000.0,,,,
Common Stock Equity,179216231000.0,157048662000.0,138444120000.0,122101198000.0,
Total Capitalization,202858206000.0,185997190000.0,160364500000.0,150907578000.0,
Total Equity Gross Minority Interest,179216231000.0,157048662000.0,138444120000.0,122101198000.0,
Stockholders Equity,179216231000.0,157048662000.0,138444120000.0,122101198000.0,
Other Equity Interest,-212000000.0,153412700000.0,134808100000.0,118465200000.0,
Retained Earnings,143240467000.0,121072898000.0,102468356000.0,86125434000.0,
Additional Paid In Capital,28894640000.0,28894640000.0,28894640000.0,28894640000.0,
Capital Stock,3636023000.0,3636023000.0,3636023000.0,3636023000.0,
Common Stock,3636023000.0,3636023000.0,3636023000.0,3636023000.0,
Total Liabilities Net Minority Interest,74068566000.0,70371968000.0,57889993000.0,64156277000.0,
Total Non Current Liabilities Net Minority Interest,30842373000.0,35298559000.0,25156915000.0,31277937000.0,
Other Non Current Liabilities,1339000000.0,1503000000.0,533200000.0,1337300000.0,
Non Current Pension And Other Postretirement Benefit Plans,45475000.0,24954000.0,20510000.0,16518000.0,
Tradeand Other Payables Non Current,1246923000.0,1078616000.0,1092388000.0,946703000.0,
Non Current Deferred Revenue,5678418000.0,4978746000.0,2119263000.0,1506094000.0,
Non Current Deferred Taxes Liabilities,13389000.0,267715000.0,4374000.0,2242000.0,
Long Term Debt And Capital Lease Obligation,23712484000.0,28948528000.0,21920380000.0,28806380000.0,
Long Term Capital Lease Obligation,70509000.0,,,,
Long Term Debt,23641975000.0,28948528000.0,21920380000.0,28806380000.0,
Long Term Provisions,45500000.0,25000000.0,20500000.0,16500000.0,
Current Liabilities,43226193000.0,35073409000.0,32733078000.0,32878340000.0,
Other Current Liabilities,28519100000.0,100000.0,17804900000.0,27395000.0,
Current Debt And Capital Lease Obligation,4541458000.0,4055351000.0,3031813000.0,10634479000.0,
Current Capital Lease Obligation,21183000.0,,,,
Current Debt,4520275000.0,4055351000.0,3031813000.0,10634479000.0,
Pensionand Other Post Retirement Benefit Plans Current,,,,456968000.0,587061000.0
Current Provisions,3550166000.0,3691955000.0,4591690000.0,5522319000.0,
Payables,14339553000.0,13553998000.0,12639262000.0,3639259000.0,
Other Payable,9021178000.0,6642330000.0,7224718000.0,1678284000.0,
Dividends Payable,323000.0,395000.0,430000.0,348000.0,
Total Tax Payable,397819000.0,352351000.0,326957000.0,228835000.0,
Accounts Payable,4920233000.0,6558922000.0,5087157000.0,1731792000.0,
Total Assets,253284797000.0,227420630000.0,196334113000.0,186257475000.0,
Total Non Current Assets,80787799000.0,75251569000.0,68874881000.0,61693797000.0,
Other Non Current Assets,4775124000.0,4034025000.0,2538367000.0,632222000.0,
Non Current Prepaid Assets,981182000.0,1333324000.0,2881514000.0,4625563000.0,
Non Current Deferred Taxes Assets,1452614000.0,1358820000.0,1728050000.0,1931367000.0,
Other Investments,,845200000.0,,,
Investmentin Financial Assets,1332523000.0,1013095000.0,189955000.0,539591000.0,
Held To Maturity Securities,,277000.0,262000.0,248000.0,233000.0
Available For Sale Securities,1332523000.0,1013095000.0,189693000.0,539343000.0,
Long Term Equity Investment,3752907000.0,3739209000.0,3353703000.0,4077220000.0,
Investmentsin Joint Venturesat Cost,3752907000.0,3739209000.0,3353703000.0,4077220000.0,
Investment Properties,44325767000.0,44401434000.0,28341040000.0,7520336000.0,
Goodwill And Other Intangible Assets,199400000.0,10689000.0,15910000.0,21114000.0,
Other Intangible Assets,199400000.0,10689000.0,15910000.0,21114000.0,
Net PPE,23445684000.0,18857001000.0,29649537000.0,42258559000.0,
Accumulated Depreciation,-1748148000.0,-1538863000.0,-1400825000.0,-1292198000.0,
Gross PPE,25193832000.0,20395864000.0,31050362000.0,43550757000.0,
Construction In Progress,20967526000.0,16421016000.0,27473516000.0,40311681000.0,
Other Properties,200256000.0,191367000.0,172009000.0,167187000.0,
Machinery Furniture Equipment,1715307000.0,1564358000.0,1340136000.0,1177266000.0,
Buildings And Improvements,2310743000.0,2219123000.0,2064701000.0,1894623000.0,
Properties,0.0,0.0,0.0,0.0,
Current Assets,172496998000.0,152169061000.0,127459231000.0,124563678000.0,
Other Current Assets,175461000.0,76047000.0,134932000.0,171709000.0,
Restricted Cash,2443014000.0,315357000.0,287944000.0,761394000.0,
Prepaid Assets,8899582000.0,8346454000.0,4358067000.0,3369939000.0,
Inventory,101832226000.0,94464977000.0,92612443000.0,85430945000.0,
Other Inventories,19423000.0,15551000.0,15943000.0,17482000.0,
Finished Goods,29767240000.0,30946278000.0,36438108000.0,41146132000.0,
Work In Process,72045563000.0,63503148000.0,56158392000.0,44267331000.0,
Other Receivables,28503043000.0,16726153000.0,15083308000.0,16308625000.0,
Taxes Receivable,131728000.0,192198000.0,220229000.0,333656000.0,
Accounts Receivable,3240407000.0,1126610000.0,2042010000.0,10983092000.0,
Allowance For Doubtful Accounts Receivable,-28585000.0,-69378000.0,,,
Gross Accounts Receivable,3268992000.0,1195988000.0,2042010000.0,,
Cash Cash Equivalents And Short Term Investments,27271537000.0,30921265000.0,12720298000.0,7204318000.0,
Other Short Term Investments,25514755000.0,28244563000.0,9750718000.0,5322852000.0,
Cash And Cash Equivalents,1756782000.0,2676702000.0,2969580000.0,1881466000.0,
Cash Equivalents,0.0,862480000.0,1182784000.0,36004000.0,
Cash Financial,1756782000.0,1814222000.0,1786796000.0,1845462000.0,
