,Field,Value
0,address1,Commerz
1,address2,"3rd Floor International Business Park, Oberoi Garden City Off Western Express Hwy, Goregaon (East)"
2,city,Mumbai
3,zip,400063
4,country,India
5,phone,91 22 6677 3333
6,fax,91 22 6677 3334
7,website,https://www.oberoirealty.com
8,industry,Real Estate - Development
9,industryKey,real-estate-development
10,industryDisp,Real Estate - Development
11,sector,Real Estate
12,sectorKey,real-estate
13,sectorDisp,Real Estate
14,longBusinessSummary,"Oberoi Realty Limited, together with its subsidiaries, engages in real estate development business in India. The company operates through the Real Estate and the Hospitality segment. It develops and sells residential, commercial, retail, hospitality, and social infrastructure projects. The company also leases commercial properties; and owns and operates a hotel. In addition, it engages in the sale of rooms, food and beverages, and allied services related to hotel operations, as well as in the provision of property management services. Oberoi Realty Limited was incorporated in 1998 and is headquartered in Mumbai, India."
15,fullTimeEmployees,1536
16,companyOfficers,"[{'maxAge': 1, 'name': 'Mr. Vikas Ranvir Oberoi', 'age': 56, 'title': 'Chairman & MD', 'yearBorn': 1969, 'fiscalYear': 2026, 'exercisedValue': 0, 'unexercisedValue': 0}, {'maxAge': 1, 'name': 'Mr. Saumil Ashwin Daru', 'age': 55, 'title': 'Director of Finance, CFO & Non-Independent Executive Director', 'yearBorn': 1970, 'fiscalYear': 2026, 'totalPay': 54983000, 'exercisedValue': 0, 'unexercisedValue': 0}]"
17,auditRisk,7
18,boardRisk,8
19,compensationRisk,8
20,shareHolderRightsRisk,7
21,overallRisk,9
22,governanceEpochDate,1782864000
23,compensationAsOfEpochDate,1798675200
24,executiveTeam,[]
25,maxAge,86400
26,priceHint,2
27,previousClose,1882.7
28,open,1896.6
29,dayLow,1871
30,dayHigh,1897.6
31,regularMarketPreviousClose,1882.7
32,regularMarketOpen,1896.6
33,regularMarketDayLow,1871
34,regularMarketDayHigh,1897.6
35,dividendRate,8
36,dividendYield,0.42
37,exDividendDate,1784764800
38,payoutRatio,0.1106
39,fiveYearAvgDividendYield,0.79
40,beta,0.3
41,trailingPE,26.069157
42,forwardPE,17.702034
43,volume,198135
44,regularMarketVolume,198135
45,averageVolume,537792
46,averageVolume10days,691723
47,averageDailyVolume10Day,691723
48,bid,0
49,ask,0
50,bidSize,0
51,askSize,0
52,marketCap,6.85317E+11
53,nonDilutedMarketCap,6.84863E+11
54,fiftyTwoWeekLow,1391.2
55,fiftyTwoWeekHigh,1986.1
56,allTimeHigh,2343.65
57,allTimeLow,153.15
58,priceToSalesTrailing12Months,10.839513
59,fiftyDayAverage,1730.71
60,twoHundredDayAverage,1643.2605
61,trailingAnnualDividendRate,8
62,trailingAnnualDividendYield,0.004249217
63,currency,INR
64,tradeable,FALSE
65,enterpriseValue,6.7992E+11
66,profitMargins,0.41592997
67,floatShares,117047196
68,sharesOutstanding,363602237
69,heldPercentInsiders,0.67705
70,heldPercentInstitutions,0.24203
71,impliedSharesOutstanding,363602237
72,bookValue,492.891
73,priceToBook,3.8239694
74,lastFiscalYearEnd,1774915200
75,nextFiscalYearEnd,1806451200
76,mostRecentQuarter,1782777600
77,earningsQuarterlyGrowth,0.29
78,netIncomeToCommon,26296872960
79,trailingEps,72.3
80,forwardEps,106.47364
81,enterpriseToRevenue,10.754
82,enterpriseToEbitda,19.01
83,52WeekChange,0.030938506
84,SandP52WeekChange,0.17967165
85,lastDividendValue,2
86,lastDividendDate,1784764800
87,quoteType,EQUITY
88,currentPrice,1884.8
89,targetHighPrice,2490
90,targetLowPrice,1085
91,targetMeanPrice,1943.2222
92,targetMedianPrice,1994
93,recommendationMean,1.88462
94,recommendationKey,buy
95,numberOfAnalystOpinions,27
96,totalCash,32888037376
97,totalCashPerShare,90.451
98,ebitda,35766493184
99,totalDebt,28253941760
100,totalRevenue,63224012800
101,debtToEquity,15.765
102,revenuePerShare,173.871
103,grossProfits,39585828864
104,earningsGrowth,0.289
105,revenueGrowth,0.317
106,grossMargins,0.62612
107,ebitdaMargins,0.56571
108,operatingMargins,0.53744
109,financialCurrency,INR
110,symbol,OBEROIRLTY.NS
111,language,en-US
112,region,US
113,typeDisp,Equity
114,quoteSourceName,Delayed Quote
115,triggerable,TRUE
116,customPriceAlertConfidence,HIGH
117,corporateActions,"[{'header': 'Dividend', 'message': 'OBEROIRLTY.NS announced a cash dividend of INR 2.00 with an ex-date of Jul. 23, 2026', 'meta': {'eventType': 'DIVIDEND', 'dateEpochMs': 1784745000000, 'amount': '2.00'}}]"
118,hasPrePostMarketData,FALSE
119,firstTradeDateMilliseconds,1.28755E+12
120,regularMarketChange,2.1000977
121,regularMarketDayRange,1871.0 - 1897.6
122,fullExchangeName,NSE
123,averageDailyVolume3Month,537792
124,fiftyTwoWeekLowChange,493.6001
125,fiftyTwoWeekLowChangePercent,0.35480168
126,fiftyTwoWeekRange,1391.2 - 1986.1
127,fiftyTwoWeekHighChange,-101.29993
128,fiftyTwoWeekHighChangePercent,-0.051004443
129,fiftyTwoWeekChangePercent,3.0938506
130,earningsTimestamp,1784282400
131,earningsTimestampStart,1791972000
132,earningsTimestampEnd,1791972000
133,earningsCallTimestampStart,1784543400
134,earningsCallTimestampEnd,1784543400
135,isEarningsDateEstimate,FALSE
136,epsTrailingTwelveMonths,72.3
137,epsForward,106.47364
138,epsCurrentYear,89.15085
139,priceEpsCurrentYear,21.141695
140,fiftyDayAverageChange,154.09009
141,fiftyDayAverageChangePercent,0.08903288
142,twoHundredDayAverageChange,241.53955
143,twoHundredDayAverageChangePercent,0.14698799
144,sourceInterval,15
145,shortName,OBEROI REALTY LIMITED
146,longName,Oberoi Realty Limited
147,marketState,POSTPOST
148,exchangeDataDelayedBy,15
149,averageAnalystRating,1.9 - Buy
150,cryptoTradeable,FALSE
151,regularMarketTime,1784627998
152,exchange,NSI
153,messageBoardId,finmb_40128492
154,exchangeTimezoneName,Asia/Kolkata
155,exchangeTimezoneShortName,IST
156,gmtOffSetMilliseconds,19800000
157,market,in_market
158,esgPopulated,FALSE
159,regularMarketChangePercent,0.11154713
160,regularMarketPrice,1884.8
161,trailingPegRatio,
