Date,Adj Close,Close,High,Low,Open,Volume
22-07-2021,663.5917358,678.7000122,713.9500122,670.0999756,687.4500122,719984
23-07-2021,680.9954224,696.5,700,662.2000122,679.9000244,468334
26-07-2021,687.8397827,703.5,709.9000244,700,701.0999756,323649
27-07-2021,689.3552856,705.0499878,714,701.5999756,710,359641
28-07-2021,684.7597656,700.3499756,706.9000244,681.9500122,705.0499878,285523
29-07-2021,675.9111938,691.2999878,723.9000244,686,700.3499756,435245
30-07-2021,657.4319458,672.4000244,689,666,682.9500122,781968
02-08-2021,722.7938843,739.25,755,680,680,5642093
03-08-2021,703.6303101,719.6500244,744.9500122,712.8499756,742,760144
04-08-2021,702.407959,718.4000244,723.5999756,706,720.9000244,817621
05-08-2021,687.6929932,703.3499756,722.5,693.5999756,722.5,449536
06-08-2021,682.5599365,698.0999756,706.6500244,688.5499878,703.3499756,339354
09-08-2021,684.0754395,699.6500244,712.0499878,695.2000122,700.2999878,337434
10-08-2021,684.2219849,699.7999878,706.0499878,680,696.6500244,421237
11-08-2021,677.3290405,692.75,700,666.5499878,694,343497
12-08-2021,674.7868042,690.1500244,697.25,681.3499756,685.8499756,231200
13-08-2021,676.2536011,691.6500244,696.5999756,681.2999878,690.1500244,172973
16-08-2021,678.9910889,694.4500122,704,690.4000244,691.6500244,219056
17-08-2021,680.7021484,696.2000122,703.0499878,688.2000122,695.5,181256
18-08-2021,669.3115845,684.5499878,698.0999756,676.2000122,696.4500122,108118
20-08-2021,641.7393188,656.3499756,678.9500122,643.4500122,678,455423
23-08-2021,649.3167114,664.0999756,684,652.2000122,659.7000122,513598
24-08-2021,658.9475098,673.9500122,676.0499878,652.8499756,667.4500122,218328
25-08-2021,660.3652954,675.4000244,680,666.0499878,674.2000122,100760
26-08-2021,650.9299927,665.75,676.5499878,662.0999756,675.7999878,169269
27-08-2021,663.2005615,678.2999878,684.2000122,657.5,660,171694
30-08-2021,682.6577759,698.2000122,702.9500122,670.2999878,672,222947
31-08-2021,687.9375,703.5999756,711,688.5999756,702,251207
01-09-2021,761.2190552,778.5499878,803.2999878,716,717.5999756,6201915
02-09-2021,739.3664551,756.2000122,797,750.2999878,784,1630602
03-09-2021,745.5752563,762.5499878,784.2999878,753,763.5,871908
06-09-2021,799.6931152,817.9000244,824.9000244,767.25,772.8499756,2585800
07-09-2021,774.1251221,791.75,821.0999756,785.0499878,820.5,1116188
08-09-2021,756.9658203,774.2000122,795.75,768.5,795.75,726451
09-09-2021,756.574707,773.7999878,785,764.4500122,771.3499756,520119
13-09-2021,741.9086304,758.7999878,774.5499878,756,773,481247
14-09-2021,753.4459839,770.5999756,784.5,759.1500244,760.7999878,659522
15-09-2021,758.7747192,776.0499878,784.5499878,767.6500244,774,425673
16-09-2021,753.8859863,771.0499878,787,762,774.9000244,972972
17-09-2021,724.5049438,741,779.2999878,735,775,593116
20-09-2021,701.5769043,717.5499878,737,710,737,1011981
21-09-2021,708.6166992,724.75,736,705.5499878,718.2000122,1065170
22-09-2021,733.9890137,750.7000122,779,726.75,729.9500122,3025955
23-09-2021,828.4385986,847.2999878,888.6500244,760,760,7669511
24-09-2021,911.2532349,932,967,847,854.9000244,14671223
27-09-2021,927.6791992,948.7999878,976,904.0499878,936,5038193
28-09-2021,866.8637695,886.5999756,953,866.3499756,948.7999878,3411212
29-09-2021,913.7952881,934.5999756,949,881,881,2206118
30-09-2021,942.7363892,964.2000122,982.9500122,936,940.7000122,1499959
01-10-2021,895.8049316,916.2000122,989.5,908.8499756,960,3896753
04-10-2021,897.0759277,917.5,941.9500122,905,922,2019471
05-10-2021,866.9616699,886.7000122,924,882.25,921.9000244,1192687
06-10-2021,838.6070557,857.7000122,894.7000122,848.5999756,893.7000122,1449763
07-10-2021,916.5818481,937.4500122,952,867.0499878,867.0499878,5192469
08-10-2021,897.3693848,917.7999878,980,906,980,4095012
11-10-2021,941.2209473,962.6500244,997.4000244,912.5499878,916,4154112
12-10-2021,956.1314087,977.9000244,1004,936.0499878,960,3788357
13-10-2021,943.6652832,965.1500244,986.75,962.4000244,980.8499756,1098707
14-10-2021,935.0611572,956.3499756,1007.700012,950.7000122,974.0499878,1731971
18-10-2021,945.3762817,966.9000244,984,943.0499878,960,1148392
19-10-2021,879.2322388,899.25,982.7999878,871,975.6500244,1495246
20-10-2021,862.5617065,882.2000122,920.8499756,867.7999878,904.7999878,1373791
21-10-2021,866.1304932,885.8499756,921,875.2000122,890,1364744
22-10-2021,895.2181396,915.5999756,934.4500122,888.0499878,893.7999878,2179432
25-10-2021,887.7874146,908,912.9000244,848.7999878,910,1633988
26-10-2021,919.4171753,940.3499756,951.25,899,907.8499756,1564628
27-10-2021,910.3241577,931.0499878,949.6500244,922.1500244,937.4000244,680198
28-10-2021,871.8991699,891.75,931.2000122,884,926.7000122,878249
29-10-2021,885.1474609,905.2999878,926.5499878,868.5,882.8499756,984476
01-11-2021,942.9807739,964.4500122,987.7000122,935,936,5039610
02-11-2021,950.3627319,972,996,945.2000122,963.4500122,2963014
03-11-2021,1012.449158,1035.5,1051.900024,974.25,978.3499756,6664796
04-11-2021,1008.978271,1031.949951,1043.199951,1020,1037.75,371425
08-11-2021,983.019104,1005.400024,1031.949951,982.5,1031.949951,1594382
09-11-2021,991.4766846,1014.049988,1031.199951,991.5999756,1012,1663582
10-11-2021,959.5534668,981.4000244,1008.950012,975,1008,1026336
11-11-2021,935.94104,957.25,985.9500122,949,985,1217830
12-11-2021,952.3671265,974.0499878,978.4500122,953.2000122,967.6500244,1114116
15-11-2021,941.4654541,962.9000244,983,950,980.5999756,797557
16-11-2021,948.4560547,970.0499878,991.7999878,957.75,962.9000244,1430064
17-11-2021,936.0388794,957.3499756,976.25,952.6500244,968,744125
18-11-2021,900.9869385,921.5,968,911.2999878,960,991855
22-11-2021,867.0592041,886.7999878,928,865.9000244,921.5,1275312
23-11-2021,869.8458862,889.6500244,897,870.5499878,886.5,1728578
24-11-2021,859.2862549,878.8499756,908.3499756,872.2999878,899.7000122,1388942
25-11-2021,860.4596558,880.0499878,890.75,867.0999756,872,1332338
26-11-2021,820.5679321,839.25,874.5,825,868,1555190
29-11-2021,809.5682983,828,840,800,825,1333300
30-11-2021,814.2125854,832.75,855.7000122,819.5499878,826,1902499
01-12-2021,818.1235352,836.75,845.7000122,820.7999878,835.1500244,929203
02-12-2021,830.687439,849.5999756,854.7999878,830,844.7000122,610249
03-12-2021,836.0160522,855.0499878,877.7000122,850.7999878,851,1978358
06-12-2021,823.2565308,842,877.3499756,835.0999756,861.9000244,1472636
07-12-2021,845.5001221,864.75,869,847.4000244,849,957249
08-12-2021,859.8239746,879.4000244,884.9500122,870,874,870463
09-12-2021,857.1841431,876.7000122,886.5999756,869,881,666664
10-12-2021,885.8319092,906,909.7999878,870.5999756,872,1159082
13-12-2021,868.7705078,888.5499878,914.1500244,885,904,1089715
14-12-2021,866.3748779,886.0999756,892.5,868,884.8499756,530972
15-12-2021,843.8869019,863.0999756,891,860,883,509026
16-12-2021,845.4512939,864.7000122,880.75,852.25,872,539890
17-12-2021,817.8300781,836.4500122,870,831.2000122,870,773519
20-12-2021,782.8760376,800.7000122,828.9500122,770,819.5499878,1264935
21-12-2021,800.230896,818.4500122,831.9500122,801.0999756,813,809983
22-12-2021,829.2697754,848.1500244,852,822.3499756,828.1500244,768534
23-12-2021,847.1134033,866.4000244,877.9500122,848.25,856.5999756,992912
24-12-2021,823.6965942,842.4500122,876,838,864.5,571663
27-12-2021,844.5223999,863.75,867.9000244,825.6500244,835.0999756,657427
28-12-2021,845.5001221,864.75,883.5999756,854.25,865,671003
29-12-2021,846.9669189,866.25,875.5,858.75,860.2000122,402201
30-12-2021,827.8030396,846.6500244,870.25,841,870.25,486980
31-12-2021,842.6157837,861.7999878,869.4000244,851,852,505322
03-01-2022,868.526001,888.2999878,901.5999756,862,862,1448481
04-01-2022,876.0545654,896,912.6500244,885.0999756,892,1290009
05-01-2022,903.2846069,923.8499756,934,883,896,1378550
06-01-2022,890.2316895,910.5,929,903.6500244,928,1259217
07-01-2022,890.6716309,910.9500122,931.5,905,917,1296506
10-01-2022,919.6616211,940.5999756,950,925.2999878,939.9500122,2259639
11-01-2022,911.8886719,932.6500244,951.75,913.4500122,935,1089743
12-01-2022,951.2914429,972.9500122,977.75,935.4500122,942.75,2374217
13-01-2022,924.5994263,945.6500244,969,942.8499756,969,855970
14-01-2022,952.2693481,973.9500122,981.7999878,935.0999756,944,1247444
17-01-2022,953.9316406,975.6500244,982.75,951.5999756,975,707041
18-01-2022,920.6394043,941.5999756,997.8499756,933.1500244,984,1987220
19-01-2022,929.1456909,950.2999878,964,923.0499878,940,1077245
20-01-2022,915.1151733,935.9500122,954.75,928.3499756,951.0499878,514439
21-01-2022,911.6443481,932.4000244,952.4500122,916.8499756,935,1017868
24-01-2022,873.7568359,893.6500244,931,882.5,931,1496897
25-01-2022,881.7254028,901.7999878,910,855.0499878,878,1696400
27-01-2022,866.7659302,886.5,892,871,884,1212694
28-01-2022,873.8059082,893.7000122,926,889.5,899.9000244,973619
31-01-2022,895.4138794,915.7999878,926.9500122,893.7000122,895,825108
01-02-2022,947.1361694,968.7000122,974,920.25,927.4500122,2495695
02-02-2022,933.6433716,954.9000244,974.2999878,942.0999756,968,1017403
03-02-2022,928.510376,949.6500244,965.7000122,915.2999878,959,983355
04-02-2022,924.9904175,946.0499878,998.9000244,938,960,3530406
07-02-2022,896.4893188,916.9000244,938.5,905.5499878,928.0999756,1067062
08-02-2022,889.4984131,909.75,928.7000122,898.0499878,921,592290
09-02-2022,917.1685181,938.0499878,942.2999878,911.4000244,911.4000244,723669
10-02-2022,918.2929077,939.2000122,949,930.4000244,942.4000244,484049
11-02-2022,891.7961426,912.0999756,934,909,929.7999878,412521
14-02-2022,847.1623535,866.4500122,902.5499878,861,900,1320077
15-02-2022,880.9921265,901.0499878,914.25,851.8499756,871,831729
16-02-2022,884.2675171,904.4000244,932.2999878,900.5999756,913,700381
17-02-2022,877.9611816,897.9500122,915.0499878,892.4500122,910,388033
18-02-2022,871.5080566,891.3499756,910,887.3499756,889,310326
21-02-2022,872.6812744,892.5499878,904.5499878,874.4500122,883.3499756,484643
22-02-2022,872.1435547,892,898.9000244,865,872,911522
23-02-2022,912.0842285,932.8499756,939.7000122,897.6500244,897.6500244,1685020
24-02-2022,839.4380493,858.5499878,914.75,841.5,900,1124077
25-02-2022,879.1832886,899.2000122,912,880,880,822320
28-02-2022,887.005249,907.2000122,911.8499756,876.0999756,889.2000122,490295
02-03-2022,871.312561,891.1500244,901.1500244,888,894,492731
03-03-2022,850.8288574,870.2000122,911.4000244,861,904.9000244,918318
04-03-2022,826.4830933,845.2999878,874.0499878,841.9000244,863,702235
07-03-2022,779.6004639,797.3499756,833,786,833,1124903
08-03-2022,813.9191284,832.4500122,838.9500122,788.2999878,796.5,778796
09-03-2022,856.0598145,875.5499878,878.3499756,828.2999878,835,694712
10-03-2022,884.1207886,904.25,924.5,880,886,1329937
11-03-2022,896.0493164,916.4500122,923,900.5,900.5,658386
14-03-2022,877.9122314,897.9000244,917.9500122,896,911,241599
15-03-2022,869.8458862,889.6500244,918,867,904,1063003
16-03-2022,905.9244995,926.5499878,930.9000244,897.8499756,901.25,1040788
17-03-2022,892.5783081,912.9000244,939.9000244,910.7999878,932,1033682
21-03-2022,890.6228638,910.9000244,929.7000122,907.5999756,923,500325
22-03-2022,893.2137451,913.5499878,917.9500122,888.6500244,914,1403285
23-03-2022,902.3068237,922.8499756,935,903,916,1261759
24-03-2022,909.8842773,930.5999756,953,906,918.7000122,1689476
25-03-2022,900.3513794,920.8499756,950,916.2999878,935,836147
28-03-2022,922.4483032,943.4500122,950,917.2999878,923,1331881
29-03-2022,920.541626,941.5,955.4500122,937.8499756,947.7000122,576443
30-03-2022,914.5285645,935.3499756,961.7000122,930,945,1075771
31-03-2022,918.9284058,939.8499756,944.3499756,931.0499878,936,496394
01-04-2022,963.611084,985.5499878,989.5999756,939.4500122,948,1477483
04-04-2022,957.0113525,978.7999878,993.0499878,966.2999878,988.75,711565
05-04-2022,956.0824585,977.8499756,991.0499878,974.3499756,985,571303
06-04-2022,966.5932007,988.5999756,1007.349976,970,970,1510961
07-04-2022,958.3313599,980.1500244,1016,974.9000244,996,1105004
08-04-2022,936.5765381,957.9000244,977.7999878,941.75,948.0999756,1214949
11-04-2022,978.9127808,1001.200012,1015,960.9500122,965.5499878,1729168
12-04-2022,974.3173828,996.5,1006.25,960.7999878,1003.5,1238177
13-04-2022,975.2952271,997.5,1021.5,990.25,999,1115900
18-04-2022,974.8062134,997,1003.799988,962.6500244,993.5,714099
19-04-2022,940.536499,961.9500122,1009,937,1009,421519
20-04-2022,942.6386108,964.0999756,986.7999878,958,968,407690
21-04-2022,960.0423584,981.9000244,987.2000122,962.0999756,975.7999878,436086
22-04-2022,944.8384399,966.3499756,986.4000244,955.9000244,968,483836
25-04-2022,896.3426514,916.75,956,912,956,716573
26-04-2022,934.3277588,955.5999756,965,925,930,740261
27-04-2022,948.4071655,970,976.6500244,937.0999756,940,725322
28-04-2022,943.5185547,965,974.75,944.4500122,971,691635
29-04-2022,938.8743896,960.25,985,955,965,384555
02-05-2022,927.8258667,948.9500122,962,941,944.5,371226
04-05-2022,895.8049316,916.2000122,959,906.5499878,959,653874
05-05-2022,884.2675171,904.4000244,931.5999756,901,913,677296
06-05-2022,856.0109253,875.5,901.5,867.8499756,901.5,1022364
09-05-2022,848.8734131,868.2000122,880.0499878,852.5,862,633871
10-05-2022,824.9675903,843.75,880.5999756,836.4000244,873.4500122,576034
11-05-2022,834.4028931,853.4000244,860,822.6500244,841.7999878,890973
12-05-2022,806.4882813,824.8499756,846.7999878,812,846.7999878,502448
13-05-2022,803.6529541,821.9500122,865.9500122,810.0999756,832,988511
16-05-2022,793.3378296,811.4000244,845.1500244,804,825.5999756,753860
17-05-2022,815.1413574,833.7000122,840.2000122,805.0499878,811.4000244,868947
18-05-2022,800.9151611,819.1500244,864.6500244,816,839,704981
19-05-2022,774.5651245,792.2000122,807,785.4000244,801.25,686101
20-05-2022,781.5560303,799.3499756,821,789.9000244,805,922121
23-05-2022,770.3120117,787.8499756,822.2000122,782.5999756,816,1090013
24-05-2022,770.409729,787.9500122,798.8499756,771.1500244,795.4000244,1054260
25-05-2022,746.1619263,763.1500244,795.7000122,755,787.9500122,909329
26-05-2022,751.3927612,768.5,780,730,760.5,720584
27-05-2022,739.6109619,756.4500122,781.7999878,746,776,1219553
30-05-2022,777.6940308,795.4000244,807,759.4000244,769.8499756,1095792
31-05-2022,787.8135376,805.75,815.2000122,786.1500244,795,1477286
01-06-2022,777.7428589,795.4500122,826.7999878,782.4000244,813.7999878,1409228
02-06-2022,767.7698975,785.25,803.9500122,780.25,793,795563
03-06-2022,746.9929199,764,794.9000244,759.2000122,790,550284
06-06-2022,746.9440918,763.9500122,771.9000244,746.8499756,761.4500122,565389
07-06-2022,749.5350342,766.5999756,769.9500122,747.8499756,762.9500122,578383
08-06-2022,763.5656128,780.9500122,794,755.1500244,766.5999756,1530919
09-06-2022,777.1561279,794.8499756,800,772.5,776.7999878,823092
10-06-2022,775.2006226,792.8499756,799,775,778,566272
13-06-2022,755.9393311,773.1500244,783.4000244,751.5,779.75,860021
14-06-2022,771.9741821,789.5499878,801,763,773.2999878,604302
15-06-2022,767.0854492,784.5499878,800.9500122,780.9000244,789.9000244,335379
16-06-2022,742.4954224,759.4000244,799.9000244,754.25,799.9000244,459229
17-06-2022,740.0999756,756.9500122,771.5,744,760,770810
20-06-2022,724.5049438,741,766.2000122,725.9500122,755,706981
21-06-2022,750.6594849,767.75,774.9500122,745,745,299794
22-06-2022,740.246521,757.0999756,763.2999878,746,759.2000122,408788
23-06-2022,733.0111694,749.7000122,757.6500244,737.2999878,747,940241
24-06-2022,741.8109131,758.7000122,765.75,750,754.9000244,407039
27-06-2022,737.1177368,753.9000244,771.9500122,751.1500244,770,572430
28-06-2022,730.9579468,747.5999756,755.4500122,737.4000244,746,695308
29-06-2022,723.4783325,739.9500122,746.4500122,735,741,372132
30-06-2022,721.2296753,737.6500244,746.7000122,726.5499878,744.5999756,897807
01-07-2022,725.5803833,742.0999756,751,731.3499756,734.3499756,563385
04-07-2022,750.1216431,767.2000122,778.5,737,740,769700
05-07-2022,748.7528687,765.7999878,781.4000244,761.4000244,769.3499756,523831
06-07-2022,766.5477295,784,791.5,763.0999756,768,586418
07-07-2022,778.1293945,792.7999878,809.7999878,784,784.2999878,851257
08-07-2022,788.4351196,803.2999878,807,780.2000122,787,818119
11-07-2022,806.8381348,822.0499878,835.5,798.0499878,803.25,769256
12-07-2022,822.0513306,837.5499878,854.0499878,815.3499756,820.4500122,1010373
13-07-2022,824.7503662,840.2999878,854.7000122,832.1500244,841,531107
14-07-2022,818.6159668,834.0499878,847.75,825.6500244,846.9000244,372659
15-07-2022,832.3569336,848.0499878,852.5999756,830.0999756,832.5,583955
18-07-2022,841.1903687,857.0499878,884.75,846.0499878,870,1874410
19-07-2022,882.1678467,898.7999878,905.0999756,856.9500122,859.5499878,1503871
20-07-2022,880.9901123,897.5999756,905.9000244,884,905,765704
21-07-2022,877.5057983,894.0499878,905,888.7000122,893.3499756,405934
22-07-2022,877.1622314,893.7000122,909.9000244,888.8499756,896.9000244,560065
25-07-2022,863.6175537,879.9000244,895,876.0999756,890.7000122,296716
26-07-2022,869.8010254,886.2000122,893.9000244,867.25,875.0999756,829797
27-07-2022,870.4880981,886.9000244,900.9000244,878,880,568938
28-07-2022,880.8919067,897.5,913.7999878,887.7000122,891,1856980
29-07-2022,893.3078003,910.1500244,920.75,900,901,794917
01-08-2022,916.9127808,934.2000122,939.0499878,904,916.9000244,1385430
02-08-2022,899.7857056,916.75,939.7999878,913.8499756,930,404968
03-08-2022,890.2652588,907.0499878,922,895.6500244,917,297079
04-08-2022,879.9104614,896.5,916,878.2000122,907.3499756,342025
05-08-2022,880.2539673,896.8499756,905.25,889,894.0999756,442922
08-08-2022,878.9290161,895.5,911.5,889.0499878,890.0999756,291278
10-08-2022,893.1605225,910,926.9500122,895,895.5,1041834
11-08-2022,919.710022,937.0499878,942.6500244,912.5999756,913,863045
12-08-2022,923.2925415,940.7000122,951,927.5499878,935.9500122,652336
16-08-2022,940.8613281,958.5999756,966.5499878,947,950,1129397
17-08-2022,939.0945435,956.7999878,969.4500122,940.25,967.5,456355
18-08-2022,960.5402222,978.6500244,994.7000122,952.9000244,956,1060074
19-08-2022,944.492981,962.2999878,986.1500244,955,985,781693
22-08-2022,919.2683105,936.5999756,951.8499756,924.4000244,950,517944
23-08-2022,933.5982056,951.2000122,962.5,922.3499756,924,592825
24-08-2022,946.9954834,964.8499756,969,948,951,461626
25-08-2022,954.8475952,972.8499756,988.5999756,957.0499878,974.5,1005532
26-08-2022,950.3326416,968.25,986,964.0499878,975,313064
29-08-2022,938.9474487,956.6500244,965,942.7000122,944,403909
30-08-2022,988.2185059,1006.849976,1017.950012,959.2999878,960,1752385
01-09-2022,1016.829041,1036,1039.599976,990,990,1275556
02-09-2022,1004.363953,1023.299988,1044.699951,1019.599976,1036,663653
05-09-2022,1021.049438,1040.300049,1045,1016.049988,1030,526676
06-09-2022,1007.014038,1026,1056.300049,1020.450012,1043.650024,1049263
07-09-2022,1000.143616,1019,1030.75,1000.049988,1020,970132
08-09-2022,1010.743713,1029.800049,1050,1023,1028,783262
09-09-2022,1000.585327,1019.450012,1057.699951,1014.200012,1034.449951,883195
12-09-2022,1039.501709,1059.099976,1067.800049,1022.150024,1031,1814243
13-09-2022,1033.808716,1053.300049,1068,1049.199951,1063.300049,1024665
14-09-2022,1050.984985,1070.800049,1079.800049,1035,1039.5,1334953
15-09-2022,1056.776001,1076.699951,1088.949951,1068.349976,1070.800049,681087
16-09-2022,1003.186035,1022.099976,1083.199951,1010,1074.550049,731209
19-09-2022,995.3833008,1014.150024,1034.949951,1002.299988,1025,588235
20-09-2022,1019.969604,1039.199951,1051.300049,1016,1025,781540
21-09-2022,988.5129395,1007.150024,1043.199951,1004,1038,516045
22-09-2022,988.6601563,1007.299988,1015,991.9500122,1005,721823
23-09-2022,952.3448486,970.2999878,1009.349976,958.75,1009,580944
26-09-2022,896.5958862,913.5,957.9500122,896.0499878,953,1593388
27-09-2022,900.3254395,917.2999878,923.8499756,895,912,861750
28-09-2022,885.1123047,901.7999878,925.2000122,878.2999878,911.7999878,654982
29-09-2022,890.117981,906.9000244,913.4000244,885,911.9000244,740877
30-09-2022,900.8162842,917.7999878,931.2999878,890.0999756,890.0999756,719170
03-10-2022,894.2401733,911.0999756,935,906.6500244,924,878131
04-10-2022,913.6247559,930.8499756,957.4500122,919.6500244,927,575566
06-10-2022,928.4943237,946,959.5499878,933.2000122,939.7000122,741635
07-10-2022,924.6176147,942.0499878,948,931.0999756,946,648972
10-10-2022,914.1154785,931.3499756,951.9000244,928,936,485677
11-10-2022,877.99646,894.5499878,929.0999756,889,928,1032483
12-10-2022,889.381897,906.1500244,912.2999878,889,900.5,852795
13-10-2022,882.5114746,899.1500244,915.7999878,890.75,908,377775
14-10-2022,883.689209,900.3499756,928.9000244,892.4500122,915,741979
17-10-2022,841.7302246,857.5999756,890.5,833.2999878,885.0499878,3499997
18-10-2022,847.8155518,863.7999878,877,850,870,1207767
19-10-2022,857.4832153,873.6500244,884,855,861,843609
20-10-2022,844.7238159,860.6500244,874.4500122,846.5,868.1500244,576756
21-10-2022,851.4960938,867.5499878,879.5999756,831.2999878,850.0999756,1157495
24-10-2022,852.2321777,868.2999878,878,858.9500122,874.8499756,103003
25-10-2022,850.3674316,866.4000244,872.0499878,856,871,596256
27-10-2022,868.0343628,884.4000244,888,861.5999756,866.9000244,511441
28-10-2022,888.2041016,904.9500122,907.9000244,879.7999878,884,711293
31-10-2022,907.5394897,924.6500244,927.5499878,906.5499878,907,549586
01-11-2022,913.1339722,930.3499756,932.9000244,915.0999756,927.5,354163
02-11-2022,900.0310669,917,941.6500244,910.7999878,934.0499878,637749
03-11-2022,914.1646118,931.4000244,936.3499756,902.4000244,915,386229
04-11-2022,909.600708,926.75,936.5499878,917.4500122,935,146180
07-11-2022,915.3425293,932.5999756,946,922.1500244,929.9500122,451881
09-11-2022,893.994873,910.8499756,945.75,907.5999756,935,415165
10-11-2022,859.7897949,876,892.7000122,852.25,888,2979771
11-11-2022,869.9973755,886.4000244,903.5999756,881.8499756,884,636987
14-11-2022,900.4237061,917.4000244,923.9500122,886.4500122,889.9000244,576480
15-11-2022,893.258667,910.0999756,921.0499878,902.5999756,914.5,253116
16-11-2022,877.8001709,894.3499756,912.7000122,886.2000122,907.9500122,410549
17-11-2022,871.7149658,888.1500244,896,877.5,887.2000122,493890
18-11-2022,879.5670166,896.1500244,901.2000122,887.5999756,889.5499878,585875
21-11-2022,873.0891724,889.5499878,897.7000122,882.1500244,894,330786
22-11-2022,872.5491943,889,897,884,894,297978
23-11-2022,866.0222778,882.3499756,894.7000122,875.0999756,890,271830
24-11-2022,861.2620239,877.5,889.2999878,866.9000244,887,323416
25-11-2022,877.9474487,894.5,905,880.0499878,882.9500122,510793
28-11-2022,889.381897,906.1500244,915,890.25,897.4000244,316631
29-11-2022,887.7625122,904.5,923.3499756,896.75,906.8499756,537198
30-11-2022,906.8034668,923.9000244,940.9500122,902.0499878,904.2999878,1355158
01-12-2022,943.0205078,960.7999878,966.2000122,918,930.5,903010
02-12-2022,936.5917358,954.25,976.9000244,948.7000122,965,1347966
05-12-2022,939.0454712,956.75,961.0999756,944.5999756,954.75,418300
06-12-2022,926.8257446,944.2999878,959,939.2999878,956.9000244,337804
07-12-2022,895.1235352,912,951.25,904.8499756,942.5,574416
08-12-2022,889.2347412,906,923.75,898.5499878,915,376013
09-12-2022,886.2410278,902.9500122,927,895,908.2999878,682205
12-12-2022,901.0125122,918,925,898.25,905,506705
13-12-2022,891.7373657,908.5499878,923.9500122,906,921.7000122,402583
14-12-2022,896.9395142,913.8499756,928.9500122,908.0499878,911.0499878,531324
15-12-2022,884.9651489,901.6500244,921.6500244,893.0499878,911.5,290086
16-12-2022,863.6668701,879.9500122,906.1500244,862.6500244,892.2999878,656320
19-12-2022,868.7214966,885.0999756,891.5,860.5499878,870.0999756,523379
20-12-2022,863.0286255,879.2999878,885.75,864.5499878,881,469747
21-12-2022,847.2756958,863.25,887,853,881,493325
22-12-2022,838.0496216,853.8499756,867.5499878,845,866.7000122,397590
23-12-2022,801.7834473,816.9000244,854.9500122,810.0499878,852,672114
26-12-2022,817.6345215,833.0499878,840.4500122,802.4000244,810,472586
27-12-2022,830.1976929,845.8499756,850.2000122,828.4000244,833,308145
28-12-2022,833.0438843,848.75,856,835,840,375473
29-12-2022,833.4857178,849.2000122,854.0499878,826.7999878,841.2000122,511131
30-12-2022,851.8887329,867.9500122,880.9500122,850.9000244,850.9000244,510278
02-01-2023,855.569397,871.7000122,876.6500244,864.3499756,867.0999756,176520
03-01-2023,860.9185181,877.1500244,885.3499756,865.0999756,870.0999756,242793
04-01-2023,844.2821045,860.2000122,879.7999878,851.5,877.5,346596
05-01-2023,843.0553589,858.9500122,870.5499878,847.5,860.5,468558
06-01-2023,837.8533325,853.6500244,861.7000122,844.2999878,858.8499756,386125
09-01-2023,843.9385986,859.8499756,870.5999756,854.2000122,857.1500244,266298
10-01-2023,837.0681152,852.8499756,864.2000122,845.75,860,334984
11-01-2023,834.5163574,850.25,858.7000122,844,850.0999756,339029
12-01-2023,833.338501,849.0499878,854.4500122,839.2000122,850.25,342208
13-01-2023,834.8597412,850.5999756,862.5,839,846,309541
16-01-2023,825.0448608,840.5999756,856.0999756,834.0499878,851,495776
17-01-2023,835.0560913,850.7999878,854.0499878,837,841.5,350729
18-01-2023,834.1726685,849.9000244,862.9000244,847.5,851.9000244,407890
19-01-2023,826.1245117,841.7000122,851.4500122,839.0499878,847.5,275572
20-01-2023,816.1622925,831.5499878,842.7999878,827.0499878,840,255003
23-01-2023,813.7085571,829.0499878,837.9500122,821.5499878,828,390950
24-01-2023,811.3040161,826.5999756,833,817.5,829.0999756,319697
25-01-2023,793.3425293,808.2999878,827.7000122,799.2000122,820,788468
27-01-2023,787.4046021,802.25,821.7000122,790.0999756,808.5,590446
30-01-2023,788.7294922,803.5999756,828,793.75,803.7999878,554817
31-01-2023,805.758606,820.9500122,829.1500244,798.0499878,808.5,804016
01-02-2023,809.6353149,824.9000244,851.25,810.1500244,823.9000244,1426197
02-02-2023,829.6578369,845.2999878,849.9000244,806.5,820.0499878,1236566
03-02-2023,814.0029907,829.3499756,849.4500122,817.5,849,630870
06-02-2023,806.151062,821.3499756,836.8499756,815.7000122,832.7999878,667235
07-02-2023,813.5612793,828.9000244,835.7999878,820.7999878,822.2000122,137970
08-02-2023,823.4744873,839,845,822.2999878,829,206087
09-02-2023,829.4615479,845.0999756,888,839.8499756,882,2016343
10-02-2023,843.1043701,859,861.6500244,823.5999756,848.5499878,768275
13-02-2023,841.5830078,857.4500122,879.8499756,850.75,859.4500122,710773
14-02-2023,839.7672119,855.5999756,862,840,858.0999756,456906
15-02-2023,848.0118408,864,868.5,845.5999756,848.9000244,319960
16-02-2023,867.6907959,884.0499878,894,865.6500244,868,977344
17-02-2023,845.116394,861.0499878,889,855.0999756,883.2999878,454565
20-02-2023,841.1903687,857.0499878,869,850.5,865,335159
21-02-2023,840.4052734,856.25,866.7000122,849.5999756,858.0999756,354864
22-02-2023,826.0754395,841.6500244,855.4500122,836.5999756,851,426164
23-02-2023,821.4624634,836.9500122,842.2000122,825,831,458044
24-02-2023,829.6087646,845.25,852,836.2999878,838,376385
27-02-2023,837.6079712,853.4000244,861.4500122,838.6500244,844,295101
28-02-2023,841.5339966,857.4000244,869,849.0999756,856.9500122,602997
01-03-2023,852.4776611,868.5499878,873.2000122,852.0499878,856.9000244,306092
02-03-2023,855.765686,871.9000244,874.4500122,862.7999878,864.7999878,222949
03-03-2023,874.1195679,890.5999756,899,872.0999756,872.9000244,514498
06-03-2023,868.4269409,884.7999878,904.9000244,881.5999756,895.0999756,287921
08-03-2023,887.7133179,904.4500122,910,872.5999756,876,762736
09-03-2023,872.8927002,889.3499756,909.75,887,909.5499878,232740
10-03-2023,862.9796753,879.25,888.0499878,873.7999878,883.0999756,206808
13-03-2023,846.392395,862.3499756,883.4500122,856.2999878,872,447970
14-03-2023,838.0988159,853.9000244,866.4500122,841.25,866.4500122,571314
15-03-2023,831.6699219,847.3499756,870.5999756,844.9500122,858,266153
16-03-2023,838.3931885,854.2000122,861.6500244,840.4500122,843.2000122,305799
17-03-2023,850.072998,866.0999756,871.9500122,851.0499878,858.5,836837
20-03-2023,844.0858765,860,872,850.0999756,870.3499756,505106
21-03-2023,846.0488281,862,865.4000244,854.0999756,862.7000122,134744
22-03-2023,846.1470337,862.0999756,872.4000244,858,862.2000122,193236
23-03-2023,839.8654785,855.7000122,867.75,852.1500244,863.0999756,200314
24-03-2023,828.4799805,844.0999756,860.4500122,836.1500244,855,376893
27-03-2023,809.4881592,824.75,845.9500122,821,844.9500122,265163
28-03-2023,803.2556763,818.4000244,828.8499756,814.2999878,817,341824
29-03-2023,811.6474609,826.9500122,831.5999756,820.5499878,821.9000244,540246
31-03-2023,827.0077515,842.5999756,849.5499878,832,833,437577
03-04-2023,829.2653198,844.9000244,851.9000244,832.9500122,850,476819
05-04-2023,846.0488281,862,866.5,841.4500122,844.75,614244
06-04-2023,880.1557007,896.75,901,856.5499878,862.5,860736
10-04-2023,890.1670532,906.9500122,927,891.4000244,892,1233453
11-04-2023,884.8668213,901.5499878,918.8499756,899.4000244,912.75,824604
12-04-2023,889.9216919,906.7000122,925.5,890.8499756,900.2000122,2196315
13-04-2023,896.9884644,913.9000244,916.6500244,901.0999756,907,572541
17-04-2023,899.8347778,916.7999878,922.5,904.5499878,910,450640
18-04-2023,906.6071777,923.7000122,943.5499878,917.2000122,917.2000122,1159264
19-04-2023,906.3128052,923.4000244,936.3499756,913.9500122,925.8499756,875720
20-04-2023,896.5958862,913.5,925.75,908.75,923.0499878,297066
21-04-2023,857.1888428,873.3499756,932,869.2999878,926,1551921
24-04-2023,861.4093018,877.6500244,884.9000244,873.9000244,878,700909
25-04-2023,874.8066406,891.2999878,895.9000244,879.25,880.9500122,401663
26-04-2023,888.9892578,905.75,913.0999756,891.0499878,891.2999878,548836
27-04-2023,898.019104,914.9500122,922.4000244,901.5499878,905.5999756,562568
28-04-2023,898.1661987,915.0999756,928,910,916.9500122,386511
02-05-2023,898.5588379,915.5,932.6500244,913.9000244,917,347382
03-05-2023,906.4107666,923.5,931.2000122,906.25,915,554552
04-05-2023,910.9747314,928.1500244,932.0499878,915.0999756,923.5,423947
05-05-2023,906.2635498,923.3499756,941,918.0999756,925.0499878,448391
08-05-2023,921.4765625,938.8499756,951.9000244,924.5,924.5,729667
09-05-2023,914.2628784,931.5,950.7000122,927.6500244,939,550978
10-05-2023,922.3601074,939.75,944.7999878,923.0499878,930,576245
11-05-2023,932.1258545,949.7000122,956,939.7999878,942.5499878,622434
12-05-2023,923.6851807,941.0999756,955,936.7000122,949.75,231674
15-05-2023,968.6376953,986.9000244,1001.900024,939,939,1760246
16-05-2023,957.1051025,975.1500244,1002.549988,972.25,990.4000244,728149
17-05-2023,897.9699707,914.9000244,973.5,910.8499756,973.5,3206907
18-05-2023,873.5797119,890.0499878,917,888.4500122,907.9500122,1125395
19-05-2023,901.4542236,918.4500122,924.0999756,884.75,894.0499878,1276153
22-05-2023,908.4227905,925.5499878,931,908.5499878,918,622274
23-05-2023,908.5210571,925.6500244,934.4000244,918.25,926.0499878,295798
24-05-2023,907.6376343,924.75,929,916.5999756,924.1500244,382577
25-05-2023,923.8324585,941.25,947,913.7999878,920,908420
26-05-2023,915.6369019,932.9000244,950,928.7999878,940,733396
29-05-2023,912.4470215,929.6500244,939.5999756,926.5499878,935,428091
30-05-2023,915.8822021,933.1500244,936,925,928.0499878,457307
31-05-2023,913.5266113,930.75,937.9500122,917,931.4500122,828343
01-06-2023,923.1453247,940.5499878,952.9000244,928,930.75,674688
02-06-2023,941.1066284,958.8499756,965.4000244,941.25,943.9500122,835559
05-06-2023,941.940979,959.7000122,972.5499878,952.2000122,964.7999878,457416
06-06-2023,966.9199829,985.1500244,991.9500122,958,960.2000122,982778
07-06-2023,962.7977295,980.9500122,995.75,975.8499756,986.4500122,751214
08-06-2023,949.1549072,967.0499878,987.0999756,961.5,986,445030
09-06-2023,947.9771118,965.8499756,982,962.5499878,970,317442
12-06-2023,945.7195435,963.5499878,970.5499878,961.0999756,968.4000244,322310
13-06-2023,965.8894043,984.0999756,985.9500122,958.25,966,481815
14-06-2023,1000.192688,1019.049988,1025.650024,977.25,985.7999878,1367277
15-06-2023,975.8024292,994.2000122,1043.099976,988.1500244,1019,1664584
16-06-2023,995.5797119,1014.349976,1024,996.2999878,996.9500122,992730
19-06-2023,990.4267578,1009.099976,1021.549988,1003.049988,1018,492210
20-06-2023,1001.32135,1020.200012,1024.099976,995.3499756,1008.049988,555424
21-06-2023,998.562439,1013.400024,1024.099976,1002.450012,1018.75,442261
22-06-2023,983.2399292,997.8499756,1018.950012,990.2999878,1013.5,360176
23-06-2023,969.5435791,983.9500122,1007.75,977,999.9500122,459635
26-06-2023,967.9176636,982.2999878,988.5,977.5,983.9000244,290340
27-06-2023,969.7406006,984.1500244,992.6500244,976.25,984.9000244,511927
28-06-2023,965.7991943,980.1500244,992,975,990,866909
30-06-2023,970.3811646,984.7999878,999.8499756,981.25,987.7000122,484315
03-07-2023,983.8805542,998.5,1003.349976,980.8499756,988.9000244,254835
04-07-2023,976.5395508,991.0499878,1011,988.5999756,1010,551916
05-07-2023,996.8380127,1011.650024,1022.549988,988,992.25,474628
06-07-2023,1024.822266,1040.050049,1057.900024,1015.5,1020,1683704
07-07-2023,1005.706177,1020.650024,1055,1017.200012,1039.900024,624390
10-07-2023,1003.045715,1017.950012,1025.699951,1004.349976,1025.699951,320453
11-07-2023,1025.70874,1040.949951,1044.900024,1018.150024,1018.150024,535151
12-07-2023,1018.466736,1033.599976,1041,1021.099976,1040,282617
13-07-2023,1013.490479,1028.550049,1059,1025,1034,650868
14-07-2023,1044.72644,1060.25,1065.849976,1027.5,1035,643714
17-07-2023,1054.038086,1069.699951,1075.449951,1054.650024,1064.949951,854776
18-07-2023,1038.46936,1053.900024,1080.5,1048.25,1069.949951,571889
19-07-2023,1054.136719,1069.800049,1075.050049,1045,1045,313062
20-07-2023,1059.851563,1075.599976,1091.599976,1065.099976,1069.699951,681573
21-07-2023,1040.785156,1056.25,1067,1029.75,1049,1091714
24-07-2023,1051.673218,1067.300049,1072.5,1049.050049,1054.849976,465462
25-07-2023,1049.012573,1064.599976,1099,1055.800049,1070.5,874792
26-07-2023,1070.986206,1086.900024,1092.800049,1065.199951,1065.199951,244317
27-07-2023,1097.689575,1114,1119.949951,1081.849976,1090.5,732836
28-07-2023,1103.108765,1119.5,1125.800049,1101.25,1118.300049,495768
31-07-2023,1103.158447,1119.550049,1124.5,1106.25,1123.949951,409293
01-08-2023,1092.023438,1108.25,1113.849976,1066,1109.949951,1676437
02-08-2023,1092.516235,1108.75,1149.800049,1076.75,1081,1806627
03-08-2023,1086.209839,1102.349976,1120.25,1075,1110,1045239
04-08-2023,1105.473633,1121.900024,1138.099976,1091,1102.5,1034552
07-08-2023,1083.451172,1099.550049,1117.449951,1087.099976,1113.099976,695139
08-08-2023,1090.397827,1106.599976,1113.400024,1083.5,1099.900024,861160
09-08-2023,1073.104614,1089.050049,1110.75,1074.199951,1110,732767
10-08-2023,1079.361694,1095.400024,1100,1079.050049,1092.900024,766566
11-08-2023,1063.497437,1079.300049,1103.949951,1076.5,1096.800049,390965
14-08-2023,1054.136719,1069.800049,1086.949951,1053.400024,1086.949951,981405
16-08-2023,1064.384277,1080.199951,1089,1057.599976,1075.5,556370
17-08-2023,1060.886475,1076.650024,1089.199951,1069,1087,359307
18-08-2023,1057.930298,1073.650024,1081.099976,1056.349976,1076.400024,611819
21-08-2023,1062.463013,1078.25,1082.400024,1065.150024,1072.650024,504800
22-08-2023,1076.898438,1092.900024,1101.5,1076.150024,1078.400024,378980
23-08-2023,1081.135376,1097.199951,1107.400024,1090.449951,1104,266037
24-08-2023,1081.973022,1098.050049,1109.099976,1093.199951,1105,616385
25-08-2023,1065.222046,1081.050049,1099,1073.150024,1099,388624
28-08-2023,1067.192627,1083.050049,1099,1075.199951,1085.900024,411115
29-08-2023,1083.74646,1099.849976,1105,1081.5,1090,552972
30-08-2023,1110.7948,1127.300049,1130.150024,1099.099976,1104.949951,1085585
31-08-2023,1104.439087,1120.849976,1134.900024,1112.5,1128,1001798
01-09-2023,1111.385864,1127.900024,1138.550049,1116,1129.949951,786235
04-09-2023,1110.843872,1127.349976,1139.400024,1123.599976,1129.800049,343501
05-09-2023,1129.615112,1146.400024,1155,1127,1130,550816
06-09-2023,1128.038696,1144.800049,1160.949951,1138.050049,1151,398708
07-09-2023,1137.497803,1154.400024,1165,1135.099976,1144.800049,349570
08-09-2023,1162.329102,1179.599976,1187.5,1154.400024,1155,602950
11-09-2023,1179.129517,1196.650024,1206.900024,1175.25,1190,565821
12-09-2023,1123.604248,1140.300049,1197.199951,1130.849976,1197.199951,630273
13-09-2023,1117.34729,1133.949951,1151.5,1122.849976,1140.300049,524956
14-09-2023,1147.154419,1164.199951,1173.800049,1140.199951,1140.199951,708135
15-09-2023,1156.712402,1173.900024,1179,1157.150024,1166.400024,396305
18-09-2023,1142.227905,1159.199951,1177.849976,1150.599976,1170.199951,274416
20-09-2023,1126.215698,1142.949951,1156.599976,1131.050049,1153.25,601776
21-09-2023,1117.396484,1134,1152.25,1128,1137.449951,294423
22-09-2023,1104.439087,1120.849976,1141,1116.550049,1134.800049,284264
25-09-2023,1117.741699,1134.349976,1139.550049,1114.550049,1120,517193
26-09-2023,1109.267334,1125.75,1141.650024,1123.449951,1139.699951,394803
27-09-2023,1121.042114,1137.699951,1144.949951,1120.650024,1124.800049,224433
28-09-2023,1113.356689,1129.900024,1158,1121.050049,1153,651774
29-09-2023,1137.44873,1154.349976,1159.800049,1136.5,1136.5,295731
03-10-2023,1134.541748,1151.400024,1161.099976,1141.199951,1152.050049,356478
04-10-2023,1104.685547,1121.099976,1151,1102.150024,1151,490682
05-10-2023,1075.075317,1091.050049,1149.099976,1075.800049,1124.099976,1720879
06-10-2023,1095.324829,1111.599976,1118.550049,1073.650024,1095,1212278
09-10-2023,1097.29541,1113.599976,1125.550049,1098.150024,1104,576991
10-10-2023,1135.527222,1152.400024,1169,1114.300049,1120,815644
11-10-2023,1131.782715,1148.599976,1165.949951,1146.300049,1160,405106
12-10-2023,1129.565796,1146.349976,1155.75,1136.349976,1148.599976,153722
13-10-2023,1112.223389,1128.75,1156,1125.099976,1144.800049,331803
16-10-2023,1114.194092,1130.75,1142.699951,1125.599976,1127.949951,217255
17-10-2023,1120.451294,1137.099976,1146.849976,1127,1130.75,161833
18-10-2023,1107.887939,1124.349976,1137.199951,1110.849976,1136.900024,254617
19-10-2023,1108.183716,1124.650024,1129.599976,1110.400024,1113.199951,172702
20-10-2023,1083.451172,1099.550049,1128.650024,1093.800049,1121.5,340448
23-10-2023,1068.769287,1084.650024,1106.5,1080,1090.199951,374217
25-10-2023,1063.300293,1079.099976,1111.650024,1060.699951,1085.900024,587158
26-10-2023,1053.742432,1069.400024,1077.699951,1051.099976,1071,583849
27-10-2023,1082.908936,1099,1104.900024,1071.099976,1079.800049,481797
30-10-2023,1101.138062,1117.5,1125,1089.25,1109.949951,880204
31-10-2023,1121.190186,1137.849976,1142.099976,1117.5,1122,395162
01-11-2023,1147.647217,1164.699951,1181.400024,1135,1136,1114156
02-11-2023,1192.776733,1210.5,1217.099976,1166.5,1170.199951,1444507
03-11-2023,1213.518433,1231.550049,1239.849976,1210.5,1211.900024,935766
06-11-2023,1226.968628,1245.199951,1251.25,1231.25,1244.199951,742375
07-11-2023,1192.825806,1210.550049,1249,1204.800049,1249,346412
08-11-2023,1205.804443,1221.699951,1226.199951,1201,1216,304269
09-11-2023,1239.95459,1256.300049,1265.699951,1223.949951,1223.949951,725927
10-11-2023,1240.300049,1256.650024,1264.650024,1240.699951,1252,452883
13-11-2023,1217.303101,1233.349976,1262.699951,1217.699951,1261.050049,205281
15-11-2023,1285.750732,1302.699951,1312.300049,1247.949951,1247.949951,2009159
16-11-2023,1315.90332,1333.25,1344.599976,1293.25,1310,1496226
17-11-2023,1323.454102,1340.900024,1349,1325,1332.949951,1102120
20-11-2023,1331.497925,1349.050049,1406.550049,1344.199951,1353,2794859
21-11-2023,1388.29895,1406.599976,1415.400024,1363.699951,1364.900024,2582746
22-11-2023,1359.330811,1377.25,1402.099976,1364.5,1398.25,728811
23-11-2023,1386.670288,1404.949951,1412,1382,1384.900024,1155356
24-11-2023,1371.865601,1389.949951,1413.900024,1383.449951,1413.900024,449316
28-11-2023,1392.049683,1410.400024,1417.349976,1376.050049,1388.099976,662461
29-11-2023,1382.72229,1400.949951,1418.449951,1396.849976,1415,715074
30-11-2023,1382.623657,1400.849976,1431.400024,1379.099976,1404.699951,5054451
01-12-2023,1396.639038,1415.050049,1424.800049,1403.449951,1409,807914
04-12-2023,1420.080078,1438.800049,1460,1410,1425.050049,1269942
05-12-2023,1420.524048,1439.25,1452.900024,1410.199951,1445.050049,827329
06-12-2023,1440.658691,1459.650024,1464.449951,1434.25,1440.449951,769884
07-12-2023,1443.915894,1462.949951,1482.599976,1456.050049,1473.400024,653915
08-12-2023,1428.518921,1447.349976,1480,1437.650024,1465,404905
11-12-2023,1431.775757,1450.650024,1464.099976,1405,1405,608354
12-12-2023,1406.85437,1425.400024,1455.800049,1416.949951,1454.400024,817309
13-12-2023,1418.303345,1437,1444.849976,1411.5,1422.199951,743848
14-12-2023,1469.972168,1489.349976,1494.949951,1440.599976,1445,1196188
15-12-2023,1457.487061,1476.699951,1502.550049,1469.800049,1499.949951,996390
18-12-2023,1427.186401,1446,1482.5,1433.550049,1477.449951,589582
19-12-2023,1407.841431,1426.400024,1457.300049,1421.849976,1450.25,417482
20-12-2023,1363.180298,1381.150024,1432.199951,1369.150024,1432.199951,788483
21-12-2023,1374.875854,1393,1399.949951,1355,1361.199951,422359
22-12-2023,1388.743164,1407.050049,1411.949951,1380.550049,1395.099976,325547
26-12-2023,1382.525146,1400.75,1421.699951,1395.650024,1408.800049,491861
27-12-2023,1397.675171,1416.099976,1425.050049,1402.550049,1404.849976,600434
28-12-2023,1423.633179,1442.400024,1446.849976,1401.550049,1418.800049,1149024
29-12-2023,1424.570801,1443.349976,1451.599976,1423.150024,1440.099976,295611
01-01-2024,1429.703125,1448.550049,1460,1430,1441,158437
02-01-2024,1420.869507,1439.599976,1461.150024,1432.199951,1455,304154
03-01-2024,1440.017334,1459,1467.75,1433,1439.650024,345845
04-01-2024,1513.350464,1533.300049,1547.349976,1456.199951,1462,2014137
05-01-2024,1498.891235,1518.650024,1556,1508.599976,1556,1555320
08-01-2024,1471.206055,1490.599976,1518.599976,1485.050049,1513,492064
09-01-2024,1514.929932,1534.900024,1542,1499.449951,1504.25,886176
10-01-2024,1502.296265,1522.099976,1539.800049,1498.300049,1539.800049,603712
11-01-2024,1528.155518,1548.300049,1561.900024,1522.25,1523.800049,907123
12-01-2024,1520.753052,1540.800049,1579.5,1534.150024,1549.900024,1149713
15-01-2024,1549.720947,1570.150024,1585.550049,1530,1556.800049,699872
16-01-2024,1507.576416,1527.449951,1573.449951,1518.5,1573.449951,616617
17-01-2024,1510.833618,1530.75,1536.949951,1497.300049,1524.800049,598390
18-01-2024,1493.265259,1512.949951,1530.650024,1458.849976,1519.650024,1059339
19-01-2024,1499.236572,1519,1526.5,1502.25,1524,886049
23-01-2024,1351.928467,1369.75,1450,1353.800049,1445,2775697
24-01-2024,1287.034058,1304,1366.949951,1268.150024,1365.050049,4023141
25-01-2024,1286.984497,1303.949951,1327.25,1287.050049,1310.25,1191354
29-01-2024,1290.932739,1307.949951,1314.300049,1276.650024,1307,1535108
30-01-2024,1284.369263,1301.300049,1325.5,1296.349976,1320,934779
31-01-2024,1306.477417,1323.699951,1326.650024,1297.449951,1302,451853
01-02-2024,1290.587158,1307.599976,1329.550049,1291.550049,1324.699951,589255
02-02-2024,1270.372192,1285.150024,1324.449951,1277.449951,1315,692216
05-02-2024,1282.629883,1297.550049,1308.849976,1273.599976,1283,973106
06-02-2024,1302.300659,1317.449951,1335.349976,1295,1302,960023
07-02-2024,1301.213379,1316.349976,1355.5,1298.099976,1337,1218242
08-02-2024,1329.830444,1345.300049,1351,1311,1316.349976,1159485
09-02-2024,1326.518921,1341.949951,1352.5,1309.199951,1349.349976,463883
12-02-2024,1316.040894,1331.349976,1359.5,1315,1347.900024,714248
13-02-2024,1303.042114,1318.199951,1339.900024,1298.75,1330.199951,1171065
14-02-2024,1306.205444,1321.400024,1331.650024,1298,1312.050049,895005
15-02-2024,1294.145508,1309.199951,1358.5,1304.650024,1330.400024,399238
16-02-2024,1306.848022,1322.050049,1330.300049,1301.5,1323.150024,618218
19-02-2024,1284.557251,1299.5,1331.949951,1295.099976,1331.949951,473307
20-02-2024,1294.442261,1309.5,1318.5,1296,1299.5,467576
21-02-2024,1306.156006,1321.349976,1354,1302.199951,1311.5,945669
22-02-2024,1362.302856,1378.150024,1384.5,1329,1334.599976,1505899
23-02-2024,1350.391479,1366.099976,1406.550049,1360.25,1378.150024,1176936
26-02-2024,1359.33728,1375.150024,1386.900024,1358.550049,1364.949951,354755
27-02-2024,1369.123535,1385.050049,1399,1373,1376.400024,521454
28-02-2024,1317.424805,1332.75,1380,1327,1374.849976,781895
29-02-2024,1328.792725,1344.25,1353.550049,1326.900024,1336,741320
01-03-2024,1352.516479,1368.25,1375,1345.699951,1351.75,324073
04-03-2024,1370.754517,1386.699951,1398.800049,1374,1378.050049,369567
05-03-2024,1360.424683,1376.25,1391.349976,1366,1386.050049,333891
06-03-2024,1338.628174,1354.199951,1375,1334.550049,1370.550049,353081
07-03-2024,1361.561646,1377.400024,1383.75,1352.800049,1354,285319
11-03-2024,1343.471924,1359.099976,1397.699951,1354.150024,1380.199951,507190
12-03-2024,1310.159302,1325.400024,1368.050049,1317.599976,1361.800049,687808
13-03-2024,1284.90332,1299.849976,1353.300049,1284.150024,1321.199951,896681
14-03-2024,1310.3573,1325.599976,1334.400024,1283.849976,1295,276447
15-03-2024,1310.456055,1325.699951,1343.949951,1297.25,1320.5,763650
18-03-2024,1331.856812,1347.349976,1352.849976,1314.199951,1320.449951,1237736
19-03-2024,1344.855835,1360.5,1377.400024,1331.150024,1356.300049,901005
20-03-2024,1367.887817,1383.800049,1388.949951,1352.5,1360.5,429269
21-03-2024,1408.367065,1424.75,1427.150024,1386,1394,929063
22-03-2024,1430.212769,1446.849976,1458.650024,1421.5,1424.949951,936505
26-03-2024,1477.858643,1495.050049,1499.599976,1443.449951,1457.550049,1528134
27-03-2024,1497.529663,1514.949951,1530,1480.349976,1500,1363483
28-03-2024,1458.879517,1475.849976,1521.199951,1387.900024,1514.949951,1274101
01-04-2024,1486.06311,1503.349976,1531.599976,1471.150024,1475,898931
02-04-2024,1536.773315,1554.650024,1573.400024,1495.050049,1508,1284154
03-04-2024,1508.40332,1525.949951,1547.699951,1509.199951,1547.699951,636328
04-04-2024,1519.12854,1536.800049,1544.699951,1522.050049,1526.449951,444061
05-04-2024,1532.967651,1550.800049,1586.800049,1529.550049,1531,1526505
08-04-2024,1514.779053,1532.400024,1584,1527.25,1563.949951,1436333
09-04-2024,1506.969971,1524.5,1552.699951,1518,1533,442957
10-04-2024,1500.495117,1517.949951,1533,1503,1530.150024,291910
12-04-2024,1482.801147,1500.050049,1540.5,1493,1510,432038
15-04-2024,1451.218506,1468.099976,1491.599976,1448.349976,1481.099976,393540
16-04-2024,1443.854126,1460.650024,1469.050049,1441.75,1446.199951,612592
18-04-2024,1383.061279,1399.150024,1473.449951,1393.599976,1455.099976,609447
19-04-2024,1378.613159,1394.650024,1404.699951,1359.25,1385,532840
22-04-2024,1406.686523,1423.050049,1461.949951,1395,1397.5,444410
23-04-2024,1457.001343,1473.949951,1481.849976,1421.849976,1430,912714
24-04-2024,1443.804688,1460.599976,1490,1458,1473.949951,309675
25-04-2024,1457.248291,1474.199951,1479,1437,1459,444577
26-04-2024,1484.580444,1501.849976,1512.699951,1466.949951,1470,385359
29-04-2024,1462.289673,1479.300049,1518,1468.050049,1508.849976,176547
30-04-2024,1466.293091,1483.349976,1502.25,1475.25,1480.050049,256118
02-05-2024,1511.764282,1529.349976,1536.5,1456.300049,1480.050049,760770
03-05-2024,1455.518311,1472.449951,1545,1465.199951,1539,581620
06-05-2024,1481.466553,1498.699951,1514.800049,1471.5,1482,707712
07-05-2024,1450.180664,1467.050049,1546.349976,1447.349976,1507.900024,1184544
08-05-2024,1482.158691,1499.400024,1514.900024,1459.300049,1475,336124
09-05-2024,1441.72876,1458.5,1530,1452,1505.449951,284342
10-05-2024,1452.750732,1469.650024,1484.699951,1444.400024,1474,222571
13-05-2024,1465.699951,1482.75,1487.449951,1445.900024,1469.650024,161524
14-05-2024,1501.780518,1519.25,1537,1480.199951,1487,469450
15-05-2024,1556.049316,1574.150024,1629.050049,1537.349976,1585,5374933
16-05-2024,1691.473755,1711.150024,1727.949951,1583.25,1591.199951,7769100
17-05-2024,1722.759888,1742.800049,1771.449951,1717.050049,1727.449951,2256273
21-05-2024,1705.065674,1724.900024,1758.5,1718.550049,1750.550049,1585616
22-05-2024,1755.884033,1774.25,1795.550049,1707.599976,1736.349976,1302543
23-05-2024,1769.590576,1788.099976,1811.650024,1729.550049,1798.5,1363413
24-05-2024,1782.109741,1800.75,1818.849976,1763.5,1788.150024,742683
27-05-2024,1785.177612,1803.849976,1818.400024,1791.099976,1800.5,460866
28-05-2024,1813.679688,1832.650024,1849,1800.25,1803.849976,920416
29-05-2024,1813.778564,1832.75,1848.75,1812.5,1812.5,544131
30-05-2024,1791.709473,1810.449951,1848.800049,1789.75,1825,606755
31-05-2024,1800.814209,1819.650024,1868.349976,1800,1835,1236595
03-06-2024,1864.448242,1883.949951,1924.949951,1851,1924.949951,968545
04-06-2024,1727.184204,1745.25,1886,1601.349976,1886,1025717
05-06-2024,1825.852051,1844.949951,1850,1717.050049,1774.800049,781426
06-06-2024,1884.538452,1904.25,1913.25,1845.150024,1851.949951,816594
07-06-2024,1869.94104,1889.5,1927.949951,1881.949951,1904.25,606448
10-06-2024,1879.639771,1899.300049,1925,1841.5,1900.050049,1114143
11-06-2024,1910.763794,1930.75,1952.050049,1901.150024,1905,1352283
12-06-2024,1898.591187,1918.449951,1941.75,1904.5,1931.25,583698
13-06-2024,1914.870972,1934.900024,1946.349976,1915.849976,1930,1264291
14-06-2024,1888.051514,1907.800049,1953.050049,1893,1952.550049,615383
18-06-2024,1893.247437,1913.050049,1929.900024,1891.150024,1896.5,925700
19-06-2024,1844.556519,1863.849976,1924.949951,1848.5,1920.050049,662962
20-06-2024,1870.188354,1889.75,1901.5,1862.050049,1871.650024,632977
21-06-2024,1866.279419,1885.800049,1909.849976,1875.699951,1896,597855
24-06-2024,1889.164429,1906.900024,1913.300049,1850.400024,1885.800049,1049502
25-06-2024,1812.286377,1829.300049,1934,1809.300049,1930.5,1541211
26-06-2024,1779.79126,1796.5,1833.150024,1791.25,1832,840752
27-06-2024,1742.937256,1759.300049,1817.800049,1751.650024,1800,1661347
28-06-2024,1749.327271,1765.75,1779.599976,1750,1769.900024,587657
01-07-2024,1758.243652,1774.75,1794.849976,1751,1792,764490
02-07-2024,1786.478516,1803.25,1815,1756.150024,1778,976825
03-07-2024,1781.227783,1797.949951,1819,1791.300049,1810,464777
04-07-2024,1779.692139,1796.400024,1809.900024,1779.349976,1808.949951,299163
05-07-2024,1768.447876,1785.050049,1810,1770.849976,1796.599976,258341
08-07-2024,1707.222534,1723.25,1798,1715,1798,526932
09-07-2024,1701.823242,1717.800049,1737.699951,1700,1732.550049,625493
10-07-2024,1707.618896,1723.650024,1762.25,1692.400024,1730,886851
11-07-2024,1695.581665,1711.5,1734.949951,1703.550049,1727.449951,482251
12-07-2024,1681.910156,1697.699951,1725,1686.800049,1715,682134
15-07-2024,1699.395874,1715.349976,1730.050049,1680.650024,1714.900024,700946
16-07-2024,1711.383545,1727.449951,1745,1715.5,1717.5,815643
18-07-2024,1702.566284,1718.550049,1731.449951,1685.199951,1731.449951,930615
19-07-2024,1655.755737,1671.300049,1724.099976,1644,1723.699951,1041722
22-07-2024,1727.779663,1744,1782,1682,1684,2911752
23-07-2024,1671.408813,1687.099976,1814.699951,1672.050049,1775.599976,4512836
24-07-2024,1726.640259,1742.849976,1769,1690,1690,1505609
25-07-2024,1713.166748,1729.25,1751.599976,1711.199951,1730,957754
26-07-2024,1768.398315,1785,1802,1733.050049,1734,899262
29-07-2024,1777.215576,1793.900024,1829.849976,1783.099976,1792.050049,1190762
30-07-2024,1810.106567,1827.099976,1839.300049,1792.650024,1808,1019163
31-07-2024,1845.078369,1862.400024,1879,1830.599976,1841.900024,1209788
01-08-2024,1824.152222,1839.300049,1870,1815.5,1865,739985
02-08-2024,1764.695801,1779.349976,1824.800049,1773.300049,1800.199951,543407
05-08-2024,1691.950195,1706,1754.75,1687,1750,1272963
06-08-2024,1701.966797,1716.099976,1775,1710.849976,1730.099976,1106701
07-08-2024,1756.662598,1771.25,1778.849976,1746.199951,1775,564600
08-08-2024,1730.232056,1744.599976,1785.949951,1740.800049,1758.599976,660451
09-08-2024,1773.522583,1788.25,1808.849976,1769.599976,1778.949951,798392
12-08-2024,1799.209229,1814.150024,1827.75,1757.800049,1786.5,1419019
13-08-2024,1730.827148,1745.199951,1793.849976,1735.050049,1793.449951,738068
14-08-2024,1701.322144,1715.449951,1771,1705,1755.900024,651320
16-08-2024,1751.604736,1766.150024,1770.449951,1724,1724.400024,718392
19-08-2024,1752.397949,1766.949951,1780,1746.5,1780,285852
20-08-2024,1740.893555,1755.349976,1770.300049,1744.449951,1765.300049,580046
21-08-2024,1730.480225,1744.849976,1766.449951,1733.349976,1757.25,413365
22-08-2024,1719.818604,1734.099976,1756.949951,1722.150024,1746.650024,757573
23-08-2024,1689.073975,1703.099976,1744.900024,1695.599976,1734.099976,569967
26-08-2024,1724.331055,1738.650024,1746.050049,1699.949951,1708.949951,699817
27-08-2024,1713.917603,1728.150024,1747.400024,1716.300049,1738.650024,490753
28-08-2024,1697.156616,1711.25,1738.900024,1707.050049,1734.800049,217943
29-08-2024,1708.95874,1723.150024,1731.400024,1691.75,1709,788306
30-08-2024,1757.75354,1772.349976,1789,1728.400024,1728.400024,983157
02-09-2024,1743.918335,1758.400024,1788.949951,1751,1780,306280
03-09-2024,1753.637695,1768.199951,1789,1752.199951,1755.199951,379376
04-09-2024,1768.910889,1783.599976,1790.449951,1743.099976,1768.25,773570
05-09-2024,1775.605225,1790.349976,1797.599976,1776.25,1791.900024,517402
06-09-2024,1732.860352,1747.25,1787.5,1719.050049,1787.5,749525
09-09-2024,1728.248535,1742.599976,1756.449951,1726,1744.900024,382054
10-09-2024,1743.373047,1757.849976,1769.849976,1732.599976,1735.400024,521608
11-09-2024,1737.223999,1751.650024,1789.300049,1744.699951,1768.599976,534290
12-09-2024,1752.943481,1767.5,1776.449951,1744.5,1762.650024,560439
13-09-2024,1799.506836,1814.449951,1819.550049,1767.900024,1778.599976,1100430
16-09-2024,1787.060181,1801.900024,1846.650024,1793.5,1826,741473
17-09-2024,1799.159668,1814.099976,1825,1799,1809,360524
18-09-2024,1793.506714,1808.400024,1824.150024,1781.099976,1824.150024,450844
19-09-2024,1826.482788,1841.650024,1863,1781.349976,1818,1000198
20-09-2024,1841.557495,1856.849976,1872,1836.449951,1859.949951,1405487
23-09-2024,1884.005249,1899.650024,1914,1846.150024,1864,876877
24-09-2024,1884.401855,1900.050049,1926,1876.599976,1916.699951,830136
25-09-2024,1925.510376,1941.5,1948,1876.550049,1897.599976,917710
26-09-2024,1937.114136,1953.199951,1970,1929.699951,1953,944208
27-09-2024,1881.228027,1896.849976,1965,1888.550049,1964.199951,485248
30-09-2024,1876.616455,1892.199951,1927.75,1875,1910,885798
01-10-2024,1872.302368,1887.849976,1911.949951,1858.349976,1903.599976,549915
03-10-2024,1830.00354,1845.199951,1885,1826.099976,1850,650078
04-10-2024,1793.506714,1808.400024,1850.900024,1794.900024,1841.5,806448
07-10-2024,1733.703247,1748.099976,1819.300049,1735.300049,1818.599976,689748
08-10-2024,1745.108398,1759.599976,1768,1714.050049,1745.400024,839438
09-10-2024,1819.540649,1834.650024,1846.599976,1761.199951,1774.699951,902414
10-10-2024,1863.773193,1879.25,1893.599976,1845.199951,1847,1183118
11-10-2024,1903.34436,1919.150024,1924.800049,1848.800049,1880.599976,928809
14-10-2024,1981.346924,1997.800049,2012.900024,1925,1925.599976,3256094
15-10-2024,2012.190552,2028.900024,2040.5,1971,2000,1624002
16-10-2024,2013.876587,2030.599976,2054.850098,1987.5,2027.900024,1521674
17-10-2024,1888.021729,1903.699951,2065.199951,1898.900024,2065,2310430
18-10-2024,1915.592773,1931.5,1942,1884.25,1909.949951,1334918
21-10-2024,1979.115479,1995.550049,2018.449951,1956.150024,1980.050049,2700071
22-10-2024,1934.386841,1950.449951,2008.199951,1929.75,1981,1764458
23-10-2024,1941.428223,1957.550049,1989.699951,1919.099976,1964.849976,827994
24-10-2024,1968.552979,1984.900024,2014,1930,1974.949951,1598070
25-10-2024,1925.758423,1941.75,1999.900024,1916.449951,1999.900024,548279
28-10-2024,1954.271729,1970.5,2005,1931.849976,1941.75,652414
29-10-2024,1968.404175,1984.75,1990,1945.449951,1989.800049,925101
30-10-2024,1911.873535,1927.75,1994.599976,1920.550049,1964,742659
31-10-2024,1950.602051,1966.800049,1987.599976,1907.050049,1927.75,1337339
01-11-2024,1957.048584,1973.300049,1997.599976,1961.949951,1979.900024,51784
04-11-2024,1922.053589,1936.050049,1980,1913.449951,1972.449951,442708
05-11-2024,1984.250366,1998.699951,2010,1917.099976,1925,1090293
06-11-2024,2007.828491,2022.449951,2043.949951,2001.25,2010,1153566
07-11-2024,2017.557983,2032.25,2089.899902,2021.199951,2037,2572885
08-11-2024,2002.219604,2016.800049,2072.649902,2006,2045.550049,1046572
11-11-2024,1998.198853,2012.75,2040.900024,1983.300049,2020.599976,1304658
12-11-2024,1975.265869,1989.650024,2044,1981,2025.599976,1372529
13-11-2024,1913.217651,1927.150024,2011.150024,1911.400024,1989,1519807
14-11-2024,1965.983521,1980.300049,2005.199951,1922.75,1936,1392570
18-11-2024,1897.581665,1911.400024,1989.300049,1905,1977.050049,1363298
19-11-2024,1918.777222,1932.75,1979.75,1915.5,1915.5,1173547
21-11-2024,1903.488525,1917.349976,1964.449951,1900.150024,1938,1760308
22-11-2024,1927.811401,1941.849976,1961.900024,1891.150024,1928.599976,630456
25-11-2024,1932.775391,1946.849976,2046.75,1918.199951,2006.699951,17682166
26-11-2024,1964.941162,1979.25,2004.75,1925.550049,1930,1186105
27-11-2024,1978.045532,1992.449951,2043,1950.800049,1995,744669
28-11-2024,2004.70166,2019.300049,2025.5,1972.349976,1996.599976,961209
29-11-2024,1992.837891,2007.349976,2019.5,1955.599976,2019.300049,687193
02-12-2024,2054.6875,2069.649902,2084.5,1993.900024,2014,655348
03-12-2024,2045.454834,2060.350098,2119.25,2031,2091.850098,1059164
04-12-2024,2149.099854,2164.75,2177,2087.25,2099.949951,2764976
05-12-2024,2114.799805,2130.199951,2192,2114.050049,2182,1176853
06-12-2024,2127.804932,2143.300049,2157.449951,2117,2146.899902,628470
09-12-2024,2124.429443,2139.899902,2177.350098,2132.600098,2147.449951,579295
10-12-2024,2114.353027,2129.75,2148.449951,2121.850098,2139.899902,602144
11-12-2024,2119.118164,2134.550049,2141.75,2119,2133,440634
12-12-2024,2112.467041,2127.850098,2154.649902,2115.850098,2135.300049,579397
13-12-2024,2102.390137,2117.699951,2139.5,2073,2129.600098,657401
16-12-2024,2237.20874,2253.5,2281.800049,2135.600098,2135.600098,3835712
17-12-2024,2298.810059,2315.550049,2341.149902,2241.25,2255,2297944
18-12-2024,2300.348633,2317.100098,2327.699951,2284.600098,2310,509242
19-12-2024,2270.565674,2287.100098,2309,2273.199951,2285,969144
20-12-2024,2231.549805,2247.800049,2337.5,2235.449951,2304.899902,1207821
23-12-2024,2245.94458,2262.300049,2290,2233.300049,2236.600098,517522
24-12-2024,2273.940918,2290.5,2322.850098,2241.300049,2290,1220223
26-12-2024,2305.858154,2322.649902,2329.449951,2268.5,2306,422091
27-12-2024,2299.058105,2315.800049,2343.649902,2282.800049,2343.649902,644394
30-12-2024,2249.072021,2265.449951,2337.699951,2255.699951,2335,1401095
31-12-2024,2294.789307,2311.5,2316,2260,2272.600098,586408
01-01-2025,2258.503418,2274.949951,2325.800049,2262,2321.699951,347770
02-01-2025,2265.750244,2282.25,2296.600098,2222,2292,616304
03-01-2025,2238.89624,2255.199951,2293.600098,2245,2280.199951,313276
06-01-2025,2193.477051,2209.449951,2296.800049,2188.050049,2270,504981
07-01-2025,2252.000732,2268.399902,2287.75,2211,2220,779322
08-01-2025,2265.899414,2282.399902,2297.800049,2227.550049,2295,1610259
09-01-2025,2230.159668,2246.399902,2275.399902,2217.949951,2262,864248
10-01-2025,2112.913818,2128.300049,2252,2125,2231,716902
13-01-2025,1998.794556,2013.349976,2124,2000.050049,2123.399902,707321
14-01-2025,1960.969849,1975.25,2033.449951,1953.150024,2013.050049,1212125
15-01-2025,1992.341431,2006.849976,2032.5,1959.050049,1992.150024,804805
16-01-2025,1950.694824,1964.900024,2059.149902,1958,2050,548785
17-01-2025,1974.521362,1988.900024,1997.050049,1937.400024,1956,573104
20-01-2025,1988.420166,2002.900024,2012.349976,1961.050049,2002,256443
21-01-2025,1844.61731,1858.050049,2020,1812.099976,2011.099976,3905130
22-01-2025,1750.40332,1763.150024,1858,1731.5,1858,2879895
23-01-2025,1808.728638,1821.900024,1849.949951,1757.050049,1770,1344506
24-01-2025,1745.966187,1756.75,1828.050049,1752.400024,1825.949951,958625
27-01-2025,1674.706299,1685.050049,1782.150024,1678.599976,1750,1243015
28-01-2025,1662.68042,1672.949951,1712.150024,1645.050049,1700.150024,1340324
29-01-2025,1707.851685,1718.400024,1723,1671.949951,1675,736424
30-01-2025,1744.922607,1755.699951,1771.800049,1724.050049,1740.199951,1073078
31-01-2025,1801.523071,1812.650024,1842.949951,1748.25,1760.199951,1399801
01-02-2025,1832.929199,1844.25,1853.75,1765,1813.449951,534832
03-02-2025,1792.7771,1803.849976,1844.400024,1778.650024,1840,668940
04-02-2025,1813.002197,1824.199951,1836.699951,1798,1820,456456
05-02-2025,1817.225952,1828.449951,1850.550049,1810.5,1830,433038
06-02-2025,1786.615112,1797.650024,1840,1791.400024,1835,294141
07-02-2025,1813.648193,1824.849976,1842.75,1779.300049,1795.75,547399
10-02-2025,1797.348877,1808.449951,1820,1787.900024,1812.099976,430268
11-02-2025,1694.2854,1704.75,1814,1693.949951,1809,719782
12-02-2025,1630.181396,1640.25,1717.949951,1621.5,1704.75,1127995
13-02-2025,1618.652588,1628.650024,1645.300049,1560.099976,1640,1555845
14-02-2025,1561.008789,1570.650024,1650,1547.800049,1628.650024,710925
17-02-2025,1580.488281,1590.25,1594.5,1536.099976,1553.099976,470078
18-02-2025,1580.786377,1590.550049,1597.75,1556,1590.25,477597
19-02-2025,1592.315308,1602.150024,1636.5,1558.800049,1560,654144
20-02-2025,1606.924927,1616.849976,1625.25,1576.75,1602.150024,438467
21-02-2025,1572.090088,1581.800049,1657,1574,1620,496920
24-02-2025,1573.829468,1583.550049,1606.650024,1551,1569.050049,328716
25-02-2025,1533.876099,1543.349976,1615.5,1536.050049,1591.900024,969576
27-02-2025,1498.494751,1507.75,1546.75,1501,1543.5,1409398
28-02-2025,1475.387329,1484.5,1507.75,1451.949951,1478,2237962
03-03-2025,1497.103149,1506.349976,1514.699951,1454.050049,1486.25,476343
04-03-2025,1505.700195,1515,1528.949951,1476.599976,1476.699951,612214
05-03-2025,1559.716553,1569.349976,1572.25,1515,1515,584437
06-03-2025,1555.443115,1565.050049,1593.099976,1546.5,1590,461985
07-03-2025,1533.67749,1543.150024,1577.099976,1527.5,1571.599976,419309
10-03-2025,1514.694824,1524.050049,1562.25,1512.400024,1543.150024,515354
11-03-2025,1571.891357,1581.599976,1589.75,1497.150024,1497.150024,701768
12-03-2025,1561.157715,1570.800049,1601,1545.050049,1588.949951,431423
13-03-2025,1524.08667,1533.5,1584.099976,1529.300049,1579.300049,385694
17-03-2025,1511.116699,1520.449951,1550.900024,1511,1513.5,449201
18-03-2025,1511.116699,1520.449951,1520.449951,1520.449951,1520.449951,0
19-03-2025,1604.340942,1614.25,1622.25,1555,1555,864900
20-03-2025,1632.56665,1642.650024,1648.349976,1599.75,1634.599976,484328
21-03-2025,1642.356079,1652.5,1704.25,1636.150024,1650,1247467
24-03-2025,1664.767822,1675.050049,1699.599976,1659.25,1674.449951,617330
25-03-2025,1621.186768,1631.199951,1697.5,1621.050049,1676.050049,721488
26-03-2025,1609.757568,1619.699951,1659.849976,1612.050049,1623.25,451054
27-03-2025,1632.964233,1643.050049,1678,1608.050049,1624,687604
28-03-2025,1627.348877,1637.400024,1665,1622.050049,1660.599976,554131
01-04-2025,1564.288208,1573.949951,1635,1556.5,1635,585525
02-04-2025,1611.248169,1621.199951,1626.300049,1560,1573.599976,518120
03-04-2025,1581.233643,1591,1615,1587.449951,1600,367398
04-04-2025,1541.081909,1550.599976,1599.949951,1536,1595,454115
07-04-2025,1474.145142,1483.25,1508,1452,1457,543142
08-04-2025,1518.719849,1528.099976,1536,1496.150024,1505.099976,710100
09-04-2025,1484.034058,1493.199951,1529.949951,1470.449951,1528.949951,382575
11-04-2025,1537.851685,1547.349976,1577.800049,1511,1546.849976,638767
15-04-2025,1614.726685,1624.699951,1635,1565.699951,1590,531277
16-04-2025,1631.324341,1641.400024,1645.599976,1610.199951,1631.800049,299858
17-04-2025,1630.628662,1640.699951,1656,1620.599976,1646,390973
21-04-2025,1646.033447,1656.199951,1665,1593,1617,856404
22-04-2025,1689.266357,1699.699951,1723.300049,1638.900024,1665,895055
23-04-2025,1695.52771,1706,1732,1676.099976,1711.300049,931108
24-04-2025,1668.594238,1678.900024,1708,1665,1707.099976,906152
25-04-2025,1596.340454,1606.199951,1682.800049,1587.699951,1678.900024,1266105
28-04-2025,1646.629883,1656.800049,1663,1601.300049,1606.400024,293983
29-04-2025,1610.55249,1620.5,1636.699951,1584,1600,1349828
30-04-2025,1631.522949,1641.599976,1674.699951,1606.300049,1620.5,1449084
02-05-2025,1593.855713,1603.699951,1646.5,1592.199951,1629.300049,609695
05-05-2025,1617.141113,1625.099976,1635,1597.5,1610,462582
06-05-2025,1551.563721,1559.199951,1633.099976,1551.300049,1625.099976,449461
07-05-2025,1573.754639,1581.5,1590,1540.900024,1552,695940
08-05-2025,1547.085815,1554.699951,1596,1540,1588,463835
09-05-2025,1526.686157,1534.199951,1547.300049,1510,1510,666647
12-05-2025,1609.777344,1617.699951,1621.599976,1550,1614,850975
13-05-2025,1578.431641,1586.199951,1628.599976,1573,1618.099976,822538
14-05-2025,1605.399048,1613.300049,1627.099976,1577.699951,1590.199951,640989
15-05-2025,1625.5,1633.5,1642.199951,1591.199951,1619,481428
16-05-2025,1667.990723,1676.199951,1679,1626.300049,1635,545987
19-05-2025,1726.104736,1734.599976,1746,1670.800049,1685,1063705
20-05-2025,1690.878174,1699.199951,1761.900024,1692.400024,1746,1136840
21-05-2025,1723.418091,1731.900024,1744.699951,1699,1705,620174
22-05-2025,1719.537231,1728,1743.699951,1721,1731.900024,335377
23-05-2025,1729.786865,1738.300049,1748.900024,1712.099976,1730,286447
26-05-2025,1732.871704,1741.400024,1760.300049,1733.400024,1744.900024,378639
27-05-2025,1742.623413,1751.199951,1760.900024,1727.900024,1735.400024,467941
28-05-2025,1717.447388,1725.900024,1765,1716,1751.199951,717635
29-05-2025,1732.374023,1740.900024,1751.900024,1694.199951,1725.900024,1013315
30-05-2025,1737.747559,1746.300049,1764.5,1717.900024,1750,2492957
02-06-2025,1759.440796,1768.099976,1784,1721.599976,1746.900024,884586
03-06-2025,1788.497803,1797.300049,1814.800049,1772.400024,1786,1114026
04-06-2025,1768.595703,1777.300049,1826,1757.099976,1818,937309
05-06-2025,1791.980713,1800.800049,1817.5,1775.699951,1782.199951,496326
06-06-2025,1898.854614,1908.199951,1919,1803.099976,1810,2048555
09-06-2025,1893.779663,1903.099976,1933.199951,1881,1929,1019364
10-06-2025,1908.307983,1917.699951,1942.699951,1901.599976,1907,912981
11-06-2025,1891.689819,1901,1932.900024,1884.599976,1918.900024,482323
12-06-2025,1880.942749,1890.199951,1911.800049,1885.099976,1895,385043
13-06-2025,1893.779663,1903.099976,1910,1850,1850,447485
16-06-2025,1919.453247,1928.900024,1933.599976,1878.900024,1905,569165
17-06-2025,1901.839966,1911.199951,1972,1905.099976,1940.099976,948887
18-06-2025,1886.91333,1896.199951,1931.800049,1888.199951,1917,317331
19-06-2025,1871.091309,1880.300049,1914,1876.5,1907.699951,630360
20-06-2025,1901.541626,1910.900024,1920,1882,1882,760759
23-06-2025,1926.518433,1936,1947.099976,1875.099976,1880,572393
24-06-2025,1978.263794,1988,2003,1933.5,1955,1020962
25-06-2025,1979.258911,1989,2005,1966.099976,2005,631449
26-06-2025,1972.591797,1982.300049,1989.900024,1952,1985,807925
27-06-2025,1909.402832,1918.800049,1988.199951,1912.599976,1982.099976,1449448
30-06-2025,1896.267334,1905.599976,1934.5,1895.699951,1924.900024,592732
01-07-2025,1904.029175,1913.400024,1940,1901,1914.900024,445266
02-07-2025,1888.605103,1897.900024,1920.800049,1878.599976,1913.400024,299965
03-07-2025,1861.836914,1871,1914.699951,1866,1902.599976,458827
04-07-2025,1860.344238,1869.5,1889.800049,1855.099976,1879,373302
07-07-2025,1835.2677,1844.300049,1876.900024,1837.599976,1870,214956
08-07-2025,1848.403076,1857.5,1862.400024,1810,1841,422671
09-07-2025,1822.132202,1831.099976,1862.300049,1825,1859.5,543133
10-07-2025,1834.073364,1843.099976,1858,1822.800049,1831.099976,566655
11-07-2025,1826.51062,1835.5,1854,1824.599976,1845,235830
14-07-2025,1795.364014,1804.199951,1846.300049,1796.599976,1846.300049,956003
15-07-2025,1811.186035,1820.099976,1853.5,1816.099976,1825,635634
16-07-2025,1807.60376,1816.5,1829.900024,1800.300049,1822.5,473363
17-07-2025,1829.694946,1838.699951,1847.800049,1818.599976,1824.900024,363037
18-07-2025,1826.013184,1835,1857,1827.800049,1848,499713
21-07-2025,1825.615112,1834.599976,1853.5,1822.900024,1834.900024,280353
22-07-2025,1817.256226,1826.199951,1834.5,1781,1781,718088
23-07-2025,1760.933472,1769.599976,1788.900024,1750.199951,1770,4102400
24-07-2025,1740.235229,1748.800049,1787,1727.599976,1785,692382
25-07-2025,1691.817871,1698.199951,1744.800049,1686.699951,1732,999802
28-07-2025,1621.084717,1627.199951,1687.800049,1620.5,1681,1303405
29-07-2025,1658.543579,1664.800049,1682.699951,1616.300049,1625.099976,1123541
30-07-2025,1641.806641,1648,1677.699951,1643.599976,1677.699951,360307
31-07-2025,1623.973877,1630.099976,1647.599976,1606.199951,1625,727062
01-08-2025,1583.426758,1589.400024,1637,1583.5,1629.099976,555688
04-08-2025,1603.550903,1609.599976,1614.400024,1581.5,1596.199951,566757
05-08-2025,1602.554688,1608.599976,1615.599976,1585,1609.599976,441716
06-08-2025,1598.470093,1604.5,1617.900024,1584.400024,1609,492717
07-08-2025,1604.44751,1610.5,1613.599976,1589.5,1600.800049,359864
08-08-2025,1565.394897,1571.300049,1616.699951,1563.5,1608,616455
11-08-2025,1604.646606,1610.699951,1612.5,1564.300049,1567.400024,312265
12-08-2025,1607.834717,1613.900024,1631,1598.699951,1619,309489
13-08-2025,1620.586548,1626.699951,1641,1616,1616,307027
14-08-2025,1613.114746,1619.199951,1635,1614.300049,1622.599976,319944
18-08-2025,1640.312256,1646.5,1661.099976,1624.900024,1630.199951,283877
19-08-2025,1643.201416,1649.400024,1655.099976,1628,1647,129527
20-08-2025,1650.673218,1656.900024,1671,1640.599976,1648.699951,292102
21-08-2025,1653.462646,1659.699951,1681.199951,1654.699951,1655,315112
22-08-2025,1651.171265,1657.400024,1669.400024,1635,1661,585935
25-08-2025,1666.413696,1672.699951,1682.5,1652,1665.400024,401347
26-08-2025,1632.043457,1638.199951,1674.400024,1627.5,1671.099976,308268
28-08-2025,1612.716431,1618.800049,1652,1610.900024,1635,341948
29-08-2025,1604.746338,1610.800049,1646,1600.099976,1618,670647
01-09-2025,1632.043457,1638.199951,1641.800049,1604.599976,1615,239325
02-09-2025,1645.592285,1651.800049,1672,1638,1638.900024,215690
03-09-2025,1650.473877,1656.699951,1662.5,1641,1661.800049,235041
04-09-2025,1655.654419,1661.900024,1684.900024,1655.199951,1684.900024,386288
05-09-2025,1622.479492,1628.599976,1667.5,1611.699951,1658.099976,462279
08-09-2025,1617.199463,1623.300049,1650.699951,1620.5,1640,369564
09-09-2025,1611.321655,1617.400024,1634.5,1604.800049,1631,432224
10-09-2025,1605.642944,1611.699951,1642.300049,1608,1625.300049,680321
11-09-2025,1597.772827,1603.800049,1626.900024,1597,1619,563822
12-09-2025,1595.879883,1601.900024,1621.900024,1594.699951,1611.800049,1178319
15-09-2025,1633.83667,1640,1652.199951,1599.900024,1608.099976,515735
16-09-2025,1636.825317,1643,1649.5,1624,1647,218824
17-09-2025,1650.473877,1656.699951,1662.300049,1637.099976,1647,323540
18-09-2025,1651.968262,1658.199951,1683,1653.900024,1660,537540
19-09-2025,1663.923218,1670.199951,1680.800049,1646.099976,1664.900024,531718
22-09-2025,1667.609253,1673.900024,1697.699951,1647.300049,1663.599976,630675
23-09-2025,1659.738892,1666,1677.800049,1652.300049,1671.5,379371
24-09-2025,1614.011353,1620.099976,1669.699951,1607.699951,1665,749614
25-09-2025,1593.887329,1599.900024,1629.800049,1590.900024,1620.099976,1843960
26-09-2025,1571.770874,1577.699951,1609.900024,1575.199951,1599.900024,548852
29-09-2025,1594.784058,1600.800049,1610.199951,1574.199951,1581,449206
30-09-2025,1576.154175,1582.099976,1606.699951,1578.300049,1600.800049,981462
01-10-2025,1589.603638,1595.599976,1610.800049,1571.400024,1587.900024,307351
03-10-2025,1599.366699,1605.400024,1613.300049,1583.699951,1609.800049,429741
06-10-2025,1616.203247,1622.300049,1625,1591,1610.900024,151403
07-10-2025,1630.449463,1636.599976,1641.900024,1621,1622.599976,286623
08-10-2025,1571.571655,1577.5,1633.800049,1563.5,1625,596321
09-10-2025,1585.419312,1591.400024,1603.400024,1575.699951,1584,316450
10-10-2025,1593.588379,1599.599976,1618.900024,1585,1598.400024,311537
13-10-2025,1582.032227,1588,1604,1570.099976,1592.199951,413785
14-10-2025,1565.095947,1571,1599,1559.099976,1599,282907
15-10-2025,1595.381714,1601.400024,1610,1567.699951,1578.5,472666
16-10-2025,1680.759644,1687.099976,1695.699951,1651,1675,2609529
17-10-2025,1694.109253,1700.5,1724.900024,1681,1698.699951,910748
20-10-2025,1694.807495,1699.199951,1711.900024,1682,1708,307160
21-10-2025,1694.608032,1699,1708,1691.400024,1700,41351
23-10-2025,1669.672607,1674,1704.800049,1669.599976,1699,542574
24-10-2025,1695.505737,1699.900024,1708,1678.099976,1680.400024,449652
27-10-2025,1731.512329,1736,1747.300049,1700,1705,1003301
28-10-2025,1703.684448,1708.099976,1740,1703.099976,1737,428250
29-10-2025,1708.970825,1713.400024,1722,1705,1714.699951,175253
30-10-2025,1745.775391,1750.300049,1765,1721.5,1731,1074751
31-10-2025,1773.703003,1778.300049,1794.900024,1759,1760,1586130
03-11-2025,1802.827515,1807.5,1817.599976,1777.099976,1791.5,418317
04-11-2025,1776.495728,1781.099976,1833.699951,1777.5,1815,356588
06-11-2025,1775.797607,1780.400024,1796.900024,1768.5,1790,352524
07-11-2025,1788.265381,1792.900024,1801.099976,1756.400024,1760,290632
10-11-2025,1782.579956,1787.199951,1813,1782.900024,1794,202911
11-11-2025,1758.143311,1762.699951,1795,1758,1795,408478
12-11-2025,1734.205322,1738.699951,1783.199951,1731,1770.199951,242614
13-11-2025,1739.691162,1744.199951,1764.699951,1735.199951,1735.199951,240206
14-11-2025,1747.869995,1752.400024,1763.699951,1733.800049,1748,183727
17-11-2025,1740.688599,1745.199951,1778.400024,1740.199951,1760.400024,150217
18-11-2025,1705.978516,1710.400024,1753,1705.400024,1745,233440
19-11-2025,1704.282959,1708.699951,1722.699951,1689.099976,1701.900024,334415
20-11-2025,1704.083496,1708.5,1724.900024,1698,1715,154835
21-11-2025,1651.120728,1655.400024,1715,1649,1714.900024,204081
24-11-2025,1602.945557,1607.099976,1668.599976,1600.099976,1655.400024,808792
25-11-2025,1625.387329,1629.599976,1649,1604.699951,1613,660500
26-11-2025,1658.501709,1662.800049,1666.400024,1631.699951,1637.599976,166675
27-11-2025,1657.304688,1661.599976,1680,1651.699951,1680,419476
28-11-2025,1642.941772,1647.199951,1666.800049,1641.599976,1665,225018
01-12-2025,1614.715088,1618.900024,1656.199951,1612,1649,393897
02-12-2025,1628.379639,1632.599976,1640,1616,1618.900024,575858
03-12-2025,1636.358887,1640.599976,1645.599976,1620,1632.599976,295186
04-12-2025,1659.39917,1663.699951,1675.5,1630.599976,1633,221691
05-12-2025,1653.414673,1657.699951,1706,1643.199951,1661,644702
08-12-2025,1605.838013,1610,1671,1595,1660,542113
09-12-2025,1623.791504,1628,1650,1611,1612.900024,776484
10-12-2025,1622.195801,1626.400024,1656.300049,1616.099976,1639.599976,583559
11-12-2025,1628.579224,1632.800049,1650,1613.099976,1626.400024,421136
12-12-2025,1655.509399,1659.800049,1677,1640.099976,1640.099976,374480
15-12-2025,1651.619385,1655.900024,1658.400024,1637.5,1653.800049,205973
16-12-2025,1622.594604,1626.800049,1658,1620.099976,1655.300049,179405
17-12-2025,1605.738281,1609.900024,1649.099976,1599.199951,1628,265395
18-12-2025,1653.913452,1658.199951,1671,1597.800049,1615.900024,516729
19-12-2025,1670.969238,1675.300049,1679,1646.400024,1650.599976,430811
22-12-2025,1658.501709,1662.800049,1692,1658.099976,1680,391434
23-12-2025,1658.202393,1662.5,1676.099976,1655.300049,1676.099976,292963
24-12-2025,1668.076782,1672.400024,1692,1659.099976,1668.900024,325645
26-12-2025,1676.255615,1680.599976,1700,1663.599976,1671,314160
29-12-2025,1666.181641,1670.5,1696.599976,1664.199951,1688,258029
30-12-2025,1641.944336,1646.199951,1675,1638.199951,1675,205339
31-12-2025,1666.281372,1670.599976,1675.699951,1640,1640,162447
01-01-2026,1691.515991,1695.900024,1703,1650,1677,115765
02-01-2026,1725.527832,1730,1736,1680.300049,1699,404480
05-01-2026,1735.501953,1740,1757.099976,1726.300049,1745,259143
06-01-2026,1721.837524,1726.300049,1752.199951,1715.199951,1740,166994
07-01-2026,1704.282959,1708.699951,1732.400024,1695.699951,1720,298613
08-01-2026,1717.548462,1722,1746.900024,1707.900024,1710,564739
09-01-2026,1682.539307,1686.900024,1732.199951,1665.300049,1725.5,857630
12-01-2026,1653.314941,1657.599976,1690.800049,1638.099976,1686.900024,464576
13-01-2026,1652.816284,1657.099976,1681.800049,1629.099976,1670,443321
14-01-2026,1644.138794,1648.400024,1666.900024,1637.5,1654,212916
15-01-2026,1644.138794,1648.400024,1648.400024,1648.400024,1648.400024,0
16-01-2026,1660.197144,1664.5,1686.400024,1640.199951,1645,290688
19-01-2026,1650.621948,1654.900024,1670.800049,1631.199951,1660,443429
20-01-2026,1519.860962,1523.800049,1616,1505.400024,1616,4119917
21-01-2026,1498.715698,1502.599976,1547.400024,1493,1528.300049,1474447
22-01-2026,1476.373535,1480.199951,1519.900024,1472,1515.099976,1544248
23-01-2026,1452.103638,1453.900024,1484.599976,1442,1481,1123854
27-01-2026,1465.786743,1467.599976,1485,1425.5,1454.800049,933670
28-01-2026,1481.367432,1483.199951,1500.099976,1454,1468.699951,494506
29-01-2026,1500.044312,1501.900024,1506,1467.400024,1479.900024,1167446
30-01-2026,1489.057983,1490.900024,1496.900024,1475.599976,1496.900024,661202
02-02-2026,1472.178833,1474,1480,1429,1450,1040919
03-02-2026,1526.112061,1528,1550.400024,1510,1510,810972
04-02-2026,1543.091064,1545,1549.900024,1505.599976,1528,425682
05-02-2026,1546.986328,1548.900024,1558.800049,1511.199951,1551,508888
06-02-2026,1530.706421,1532.599976,1552.099976,1505,1544.699951,899859
09-02-2026,1562.36731,1564.300049,1571.199951,1539.699951,1552,409080
10-02-2026,1566.961548,1568.900024,1582.800049,1552.5,1570.400024,252206
11-02-2026,1575.351196,1577.300049,1580.199951,1551.5,1569,174621
12-02-2026,1564.664429,1566.599976,1578.900024,1555,1578,196740
13-02-2026,1545.687866,1547.599976,1556.599976,1515.300049,1539,494872
16-02-2026,1562.16748,1564.099976,1568.400024,1536.900024,1544.800049,217779
17-02-2026,1548.983765,1550.900024,1567.300049,1542.800049,1563.099976,82828
18-02-2026,1539.395752,1541.300049,1557.400024,1526.900024,1546.300049,232076
19-02-2026,1500.843262,1502.699951,1540,1494.5,1540,430460
20-02-2026,1521.317993,1523.199951,1532.900024,1494,1499.099976,546965
23-02-2026,1519.9198,1521.800049,1533,1505,1530,179026
24-02-2026,1510.031982,1511.900024,1529.900024,1497,1510,428982
25-02-2026,1516.224243,1518.099976,1529.699951,1492.900024,1511.900024,228439
26-02-2026,1542.491821,1544.400024,1548,1505.400024,1525,460946
27-02-2026,1520.918579,1522.800049,1553.699951,1501.099976,1540,788586
02-03-2026,1488.858154,1490.699951,1511.099976,1465,1490,442316
04-03-2026,1452.603027,1454.400024,1466,1429,1461,807048
05-03-2026,1480.268799,1482.099976,1490,1459.599976,1470,1232606
06-03-2026,1472.778076,1474.599976,1491.800049,1469.300049,1482.099976,424324
09-03-2026,1467.684326,1469.5,1475,1430,1455.099976,569223
10-03-2026,1492.154053,1494,1506,1466.5,1486.800049,196842
11-03-2026,1486.960571,1488.800049,1516.800049,1470,1501,509201
12-03-2026,1468.483398,1470.300049,1490.400024,1452.800049,1473.5,480014
13-03-2026,1450.305786,1452.099976,1470.400024,1440.599976,1460,703160
16-03-2026,1416.3479,1418.099976,1464.099976,1395.5,1464.099976,1082381
17-03-2026,1456.498291,1458.300049,1469.099976,1427.300049,1435,552398
18-03-2026,1470.980347,1472.800049,1484.800049,1441.099976,1456.800049,764797
19-03-2026,1444.013672,1445.800049,1458,1424.400024,1458,783557
20-03-2026,1444.013672,1445.800049,1478.599976,1435.099976,1449,758939
23-03-2026,1409.755981,1411.5,1445.800049,1391.199951,1420,556616
24-03-2026,1442.016113,1443.800049,1450.5,1418.099976,1434,329509
25-03-2026,1497.847046,1499.699951,1507,1451,1452.900024,435229
27-03-2026,1455.199829,1457,1488.300049,1451,1478,1265278
30-03-2026,1417.246704,1419,1473.599976,1408,1436,1438928
01-04-2026,1472.678223,1474.5,1498.900024,1428.800049,1439.099976,819778
02-04-2026,1505.038208,1506.900024,1513.199951,1414,1452,807999
06-04-2026,1518.022095,1519.900024,1526.900024,1483.400024,1506.900024,288582
07-04-2026,1558.372192,1560.300049,1569.400024,1498.900024,1503.099976,637494
08-04-2026,1633.778931,1635.800049,1657.800049,1607.099976,1633,882020
09-04-2026,1651.457031,1653.5,1668.900024,1616,1620.400024,1071322
10-04-2026,1669.634521,1671.699951,1707,1652.5,1652.5,631938
13-04-2026,1683.117798,1685.199951,1694.400024,1605.900024,1620.5,627290
15-04-2026,1703.592529,1705.699951,1720,1689.199951,1705.400024,908276
16-04-2026,1708.286743,1710.400024,1740.099976,1695,1715,968742
17-04-2026,1708.48645,1710.599976,1728,1700.5,1725.099976,508006
20-04-2026,1692.805908,1694.900024,1719,1681.099976,1717.599976,669526
21-04-2026,1721.77002,1723.900024,1754,1710.300049,1724,1310590
22-04-2026,1731.458008,1733.599976,1751,1715,1724,473102
23-04-2026,1705.589966,1707.699951,1736.900024,1701.400024,1736.900024,245047
24-04-2026,1684.915649,1687,1735.5,1681.699951,1712.099976,517538
27-04-2026,1721.170776,1723.300049,1735,1690,1697,758413
28-04-2026,1708.18689,1710.300049,1727.400024,1700,1725,442797
29-04-2026,1698.199219,1700.300049,1730.300049,1693.800049,1714.5,371647
30-04-2026,1667.537109,1669.599976,1700.099976,1658.099976,1700.099976,482607
04-05-2026,1691.6073,1693.699951,1708.900024,1665.400024,1669,227992
05-05-2026,1664.241211,1666.300049,1691.099976,1656.599976,1684,173520
06-05-2026,1671.33252,1673.400024,1682.300049,1655.599976,1679,280328
07-05-2026,1672.93042,1675,1684.400024,1659.5,1681,274067
08-05-2026,1700.895874,1703,1715,1666.900024,1681,467360
11-05-2026,1632.680176,1634.699951,1712.800049,1630.599976,1712.800049,709846
12-05-2026,1624.690063,1626.699951,1712,1622.599976,1669,863433
13-05-2026,1616.699951,1618.699951,1643.099976,1610.099976,1638,324400
14-05-2026,1637.599976,1637.599976,1644.5,1599.400024,1625.400024,242992
15-05-2026,1617.199951,1617.199951,1652.800049,1610.400024,1644,151680
18-05-2026,1600.699951,1600.699951,1610,1571,1610,280672
19-05-2026,1622,1622,1628.599976,1590.699951,1600.599976,277433
20-05-2026,1626.699951,1626.699951,1644.800049,1596.5,1600.300049,230768
21-05-2026,1654.400024,1654.400024,1682.199951,1635,1639.900024,403175
22-05-2026,1659.599976,1659.599976,1678,1633.699951,1654.400024,286005
25-05-2026,1712.400024,1712.400024,1720,1671,1671.099976,618288
26-05-2026,1693.699951,1693.699951,1718,1685.099976,1713.800049,352712
27-05-2026,1692.599976,1692.599976,1710.199951,1681.099976,1700,326144
28-05-2026,1692.599976,1692.599976,1692.599976,1692.599976,1692.599976,0
29-05-2026,1707.099976,1707.099976,1744,1684.199951,1691,1489810
01-06-2026,1649.400024,1649.400024,1711.599976,1641.099976,1707.199951,304709
02-06-2026,1674.699951,1674.699951,1689.400024,1615.599976,1639,359161
03-06-2026,1637.400024,1637.400024,1670,1618.199951,1670,280743
04-06-2026,1631.900024,1631.900024,1646.800049,1620.800049,1625.5,212157
05-06-2026,1633.400024,1633.400024,1657,1626.599976,1628.5,241380
08-06-2026,1600.400024,1600.400024,1635.199951,1590,1617,145282
09-06-2026,1632.5,1632.5,1639,1604.5,1604.5,331753
10-06-2026,1591.599976,1591.599976,1640.300049,1586.400024,1639,204605
11-06-2026,1582.699951,1582.699951,1597.900024,1575.099976,1594,162537
12-06-2026,1622.800049,1622.800049,1635,1591.099976,1601.5,524612
15-06-2026,1669.400024,1669.400024,1695,1650,1671,1241710
16-06-2026,1704.800049,1704.800049,1713,1666.099976,1682,777948
17-06-2026,1694.800049,1694.800049,1697.900024,1650.599976,1668.400024,602476
18-06-2026,1694.199951,1694.199951,1709,1679.699951,1699,313625
19-06-2026,1683.5,1683.5,1694,1665.400024,1694,168755
22-06-2026,1691.099976,1691.099976,1700,1675.400024,1690,205827
23-06-2026,1704.400024,1704.400024,1739.800049,1683,1690,956892
24-06-2026,1753.099976,1753.099976,1765.699951,1693.300049,1715.900024,957281
25-06-2026,1749.199951,1749.199951,1784,1737.599976,1768.400024,806191
26-06-2026,1749.199951,1749.199951,1749.199951,1749.199951,1749.199951,0
29-06-2026,1754.099976,1754.099976,1779,1739.300049,1751,576931
30-06-2026,1769.199951,1769.199951,1784.900024,1746.099976,1771.800049,964898
01-07-2026,1804.599976,1804.599976,1815,1758.5,1783,580890
02-07-2026,1864.699951,1864.699951,1874.199951,1812.900024,1822.900024,1203886
03-07-2026,1934.400024,1934.400024,1944.300049,1864.699951,1885,900582
06-07-2026,1953.400024,1953.400024,1986.099976,1946,1960.5,1591522
07-07-2026,1906.400024,1906.400024,1968.400024,1902.099976,1964,930378
08-07-2026,1870.099976,1870.099976,1925,1858.099976,1900.099976,564485
09-07-2026,1873.199951,1873.199951,1919.5,1820.699951,1870,1719601
10-07-2026,1924.800049,1924.800049,1934.099976,1846,1890.099976,752660
13-07-2026,1925.199951,1925.199951,1935,1881.800049,1905.199951,463195
14-07-2026,1916.5,1916.5,1947.900024,1902,1926.599976,698324
15-07-2026,1887.699951,1887.699951,1937.199951,1885,1920.5,297705
16-07-2026,1861.199951,1861.199951,1896,1855.699951,1892.300049,420341
17-07-2026,1894.800049,1894.800049,1899,1856.099976,1860,763441
20-07-2026,1882.699951,1882.699951,1911,1841,1865,307109
21-07-2026,1884.800049,1884.800049,1897.599976,1871,1896.599976,198135
